1781291963339,1,400,-1146,-1292,0,-1.5708,-1.5708
1781291963348,1,399,-1144,-1287,1,2.2879,2.2879
1781291963355,1,399,-1143,-1289,1,2.0189,2.0189
1781291963361,1,398,-1146,-1293,2,-1.8285,-1.8285
1781291963411,1,393,-1139,-1286,12,2.3469,2.3469
1781291963433,1,390,-1135,-1283,18,2.2921,2.2921
1781291963503,1,389,-1132,-1280,20,2.2182,2.2182
1781291963525,1,392,-1143,-1279,7,-2.6622,-2.6622
1781291963566,1,393,-1149,-1283,12,-1.8334,-1.8334
1781291963592,1,395,-1151,-1280,13,-1.5571,-1.5571
1781291963749,1,396,-1146,-1280,4,-1.1644,-1.1644
1781291963756,1,396,-1143,-1281,2,0.3695,0.3695
1781291963764,1,397,-1136,-1279,13,1.303,1.303
1781291963772,1,398,-1132,-1278,17,1.3751,1.3751
1781291963821,1,398,-1130,-1277,17,1.3751,1.3751
1781291963871,1,398,-1128,-1277,17,1.3751,1.3751
1781291963879,1,399,-1127,-1276,17,1.3751,1.3751
1781291963902,1,399,-1125,-1275,17,1.3751,1.3751
1781291964056,1,399,-1123,-1275,17,1.3751,1.3751
1781291966127,2,1995,-1823,-2200,12,1.5638,1.5638
1781291966148,2,1995,-1822,-2203,12,1.5638,1.5638
1781291966169,2,1995,-1821,-2205,12,1.5638,1.5638
1781291966197,2,1995,-1819,-2208,12,1.5638,1.5638
1781291966213,2,1995,-1818,-2210,12,1.5638,1.5638
1781291966232,2,1995,-1817,-2213,12,1.5638,1.5638
1781291966253,2,1995,-1816,-2215,12,1.5638,1.5638
1781291966416,2,1995,-1815,-2217,12,1.5638,1.5638
1781291966437,2,1995,-1813,-2220,12,1.5638,1.5638
1781291967777,3,1146,-1283,-1638,4,0.0,0.0
1781291967801,3,1150,-1283,-1638,6,0.0,0.0
1781291967839,3,1130,-1300,-1638,28,-2.3238,-2.3238
1781291967951,3,1124,-1307,-1642,39,-2.2995,-2.2995
1781291967980,3,1156,-1291,-1644,29,0.0584,0.0584
1781291968004,3,1173,-1282,-1645,54,0.2905,0.2905
1781291968029,3,1178,-1281,-1646,54,0.2905,0.2905
1781291968076,3,1183,-1279,-1647,54,0.2905,0.2905
1781291968100,3,1284,-1260,-1658,189,0.2102,0.2102
1781291968123,3,1307,-1256,-1661,197,0.2061,0.2061
1781291968123,4,2446,-1763,-1719,0,0.0,0.0
1781291968156,3,1327,-1252,-1663,197,0.2061,0.2061
1781291968156,4,2446,-1763,-1719,0,0.0,0.0
1781291968260,3,1346,-1248,-1666,197,0.2061,0.2061
1781291968260,4,2446,-1763,-1719,0,0.0,0.0
1781291968291,3,1288,-1266,-1733,88,0.1224,0.1224
1781291968291,4,2446,-1763,-1719,0,0.0,0.0
1781291968318,3,1277,-1269,-1749,61,0.0727,0.0727
1781291968318,4,2406,-1750,-1720,46,2.8387,2.8387
1781291968362,3,1247,-1277,-1756,9,-0.9499,-0.9499
1781291968362,4,2402,-1749,-1720,46,2.8387,2.8387
1781291968388,3,1212,-1284,-1784,51,-2.7724,-2.7724
1781291968388,4,2397,-1747,-1720,46,2.8387,2.8387
1781291968413,3,1206,-1273,-1797,49,3.0986,3.0986
1781291968413,4,2393,-1746,-1720,46,2.8387,2.8387
1781291968438,3,1204,-1267,-1803,47,2.9055,2.9055
1781291968438,4,2389,-1745,-1720,46,2.8387,2.8387
1781291968473,3,1203,-1267,-1795,41,2.9254,2.9254
1781291968473,4,2384,-1743,-1720,46,2.8387,2.8387
1781291968538,4,2380,-1742,-1720,46,2.8387,2.8387
1781291968567,4,2620,-1774,-1778,208,-0.1003,-0.1003
1781291968605,4,2640,-1777,-1783,207,-0.1031,-0.1031
1781291968634,4,2661,-1779,-1789,207,-0.1031,-0.1031
1781291968688,4,2681,-1781,-1795,207,-0.1031,-0.1031
1781291968717,4,2702,-1783,-1801,207,-0.1031,-0.1031
1781291968773,4,2723,-1785,-1807,207,-0.1031,-0.1031
1781291968803,4,2743,-1787,-1813,207,-0.1031,-0.1031
1781291968840,4,2764,-1790,-1818,207,-0.1031,-0.1031
1781291968865,4,2785,-1792,-1824,207,-0.1031,-0.1031
1781291968971,4,2805,-1794,-1830,207,-0.1031,-0.1031
1781291970150,6,2591,-1743,-1793,42,1.2413,1.2413
1781291970175,6,2593,-1738,-1801,44,1.2413,1.2413
1781291970200,6,2594,-1733,-1808,44,1.2413,1.2413
1781291970223,6,2596,-1729,-1814,44,1.2413,1.2413
1781291970252,6,2597,-1725,-1820,44,1.2413,1.2413
1781291970291,6,2598,-1721,-1827,44,1.2413,1.2413
1781291970409,6,2600,-1716,-1833,44,1.2413,1.2413
1781291970438,6,2601,-1712,-1840,44,1.2413,1.2413
1781291970462,6,2603,-1708,-1846,44,1.2413,1.2413
1781291970486,6,2604,-1704,-1852,44,1.2413,1.2413
1781291971378,8,2473,-1654,-1709,0,0.0,0.0
1781291971402,8,2473,-1654,-1711,0,0.0,0.0
1781291971459,8,2473,-1654,-1712,0,0.0,0.0
1781291971483,8,2473,-1654,-1713,0,0.0,0.0
1781291971506,8,2473,-1654,-1715,0,0.0,0.0
1781291971530,8,2473,-1654,-1716,0,0.0,0.0
1781291971633,8,2473,-1654,-1717,0,0.0,0.0
1781291971660,8,2473,-1654,-1718,0,0.0,0.0
1781291971688,8,2473,-1654,-1720,0,0.0,0.0
1781291975451,11,2145,-878,-1833,0,0.0,0.0
1781291975461,11,2145,-878,-1833,0,0.0,0.0
1781291975491,11,2145,-878,-1833,0,0.0,0.0
1781291975502,11,2155,-871,-1832,13,0.6055,0.6055
1781291975627,11,2156,-870,-1832,13,0.6055,0.6055
1781291975638,11,2158,-869,-1832,13,0.6055,0.6055
1781291975655,11,2159,-868,-1832,13,0.6055,0.6055
1781291975666,11,2161,-865,-1836,16,0.7491,0.7491
1781291975938,11,2162,-863,-1837,16,0.7491,0.7491
1781291975950,11,2163,-862,-1837,16,0.7491,0.7491
1781291975961,11,2165,-861,-1838,16,0.7491,0.7491
1781291975970,11,2166,-860,-1838,16,0.7491,0.7491
1781291975979,11,2167,-859,-1838,16,0.7491,0.7491
1781291975989,11,2168,-858,-1839,16,0.7491,0.7491
1781291975998,11,2169,-857,-1839,16,0.7491,0.7491
1781291976006,11,2171,-855,-1840,16,0.7491,0.7491
1781291976138,11,2165,-866,-1833,5,0.0806,0.0806
1781291976150,11,2165,-866,-1833,5,0.0806,0.0806
1781291976160,11,2166,-866,-1832,5,0.0806,0.0806
1781291978708,13,2230,-917,-1902,27,-3.0916,-3.0916
1781291978904,13,2222,-918,-1906,34,-3.0893,-3.0893
1781291978917,13,2219,-918,-1907,34,-3.0893,-3.0893
1781291978930,13,2216,-918,-1909,34,-3.0893,-3.0893
1781291978941,13,2212,-918,-1910,34,-3.0893,-3.0893
1781291978954,13,2209,-919,-1911,34,-3.0893,-3.0893
1781291978978,13,2007,-1248,-1975,516,-2.1677,-2.1677
1781291978991,13,1978,-1290,-1985,516,-2.1677,-2.1677
1781291979108,13,1949,-1333,-1995,516,-2.1677,-2.1677
1781291979121,13,1920,-1376,-2004,516,-2.1677,-2.1677
1781291979133,13,1891,-1418,-2014,516,-2.1677,-2.1677
1781291979173,13,1862,-1461,-2023,516,-2.1677,-2.1677
1781291979225,13,1833,-1504,-2033,516,-2.1677,-2.1677
1781291979263,13,1804,-1547,-2042,516,-2.1677,-2.1677
1781291979275,13,1775,-1589,-2052,516,-2.1677,-2.1677
1781291981376,14,2124,-878,-1846,5,3.1416,3.1416
1781291981386,14,2124,-878,-1845,5,3.1416,3.1416
1781291981435,14,2123,-878,-1845,5,3.1416,3.1416
1781291981450,14,2160,-845,-1872,51,0.7885,0.7885
1781291981536,14,2163,-842,-1875,51,0.7885,0.7885
1781291981546,14,2167,-838,-1878,51,0.7885,0.7885
1781291981591,14,2157,-869,-1852,20,-0.4941,-0.4941
1781291981624,14,2082,-854,-1839,93,3.0096,3.0096
1781291981770,14,2073,-853,-1836,93,3.0096,3.0096
1781291981780,14,2064,-852,-1833,93,3.0096,3.0096
1781291981789,14,2055,-851,-1831,93,3.0096,3.0096
1781291981797,14,2045,-849,-1828,93,3.0096,3.0096
1781291981829,14,2036,-848,-1825,93,3.0096,3.0096
1781291981862,14,2027,-847,-1823,93,3.0096,3.0096
1781291981898,14,2017,-846,-1820,93,3.0096,3.0096
1781291981975,14,2008,-845,-1817,93,3.0096,3.0096
1781291983196,15,1042,-1009,-1430,0,0.0,0.0
1781291983307,15,1107,-1010,-1535,48,-0.0226,-0.0226
1781291983326,15,1100,-1020,-1582,36,-0.4034,-0.4034
1781291983342,15,1005,-1057,-1511,135,-2.6083,-2.6083
1781291983355,15,956,-1077,-1472,199,-2.6795,-2.6795
1781291983511,15,938,-1086,-1466,199,-2.6795,-2.6795
1781291983529,15,920,-1094,-1460,199,-2.6795,-2.6795
1781291983543,15,847,-1142,-1523,292,-2.6324,-2.6324
1781291983558,15,846,-1147,-1535,255,-2.6106,-2.6106
1781291983584,15,824,-1159,-1540,255,-2.6106,-2.6106
1781291983598,15,802,-1172,-1545,255,-2.6106,-2.6106
1781291983626,15,769,-1179,-1521,264,-2.6684,-2.6684
1781291983716,15,757,-1183,-1516,243,-2.6795,-2.6795
1781291983745,15,820,-1143,-1514,97,-2.8027,-2.8027
1781291983761,15,817,-1111,-1472,84,2.8781,2.8781
1781291983781,15,711,-1154,-1450,239,-2.9337,-2.9337
1781291983920,15,638,-1177,-1438,320,-2.8989,-2.8989
1781291983933,15,692,-1125,-1433,179,3.0557,3.0557
1781291983945,15,722,-1098,-1431,118,2.6585,2.6585
1781291983955,15,633,-1135,-1420,226,-3.0917,-3.0917
1781291984125,15,572,-1144,-1412,286,-3.0632,-3.0632
1781291984135,15,614,-1150,-1475,179,-2.9845,-2.9845
1781291984148,15,624,-1152,-1504,135,-2.9333,-2.9333
1781291984157,15,543,-1118,-1418,240,3.0155,3.0155
1781291984209,15,497,-1098,-1374,278,2.9384,2.9384
1781291984220,15,508,-1131,-1397,212,-3.1213,-3.1213
1781291984230,15,516,-1149,-1410,170,-2.9604,-2.9604
1781291984239,15,480,-1107,-1362,201,2.9453,2.9453
1781291984433,15,458,-1103,-1347,204,2.9517,2.9517
1781291984441,15,430,-1111,-1340,213,3.0443,3.0443
1781291984449,15,409,-1109,-1329,213,3.0443,3.0443
1781291984457,15,388,-1107,-1318,213,3.0443,3.0443
1781291984535,15,366,-1105,-1307,213,3.0443,3.0443
1781291984543,15,345,-1102,-1296,213,3.0443,3.0443
1781291984552,15,324,-1100,-1285,213,3.0443,3.0443
1781291984559,15,303,-1098,-1274,213,3.0443,3.0443
1781291984740,15,281,-1096,-1263,213,3.0443,3.0443
1781291984748,15,260,-1094,-1253,213,3.0443,3.0443
1781291985367,17,2003,-1711,-2215,1,3.1416,3.1416
1781291985374,17,2003,-1711,-2215,1,3.1416,3.1416
1781291985457,17,2003,-1711,-2215,1,3.1416,3.1416
1781291985465,17,2003,-1711,-2215,1,3.1416,3.1416
1781291985484,17,2003,-1711,-2215,1,3.1416,3.1416
1781291985491,17,2003,-1711,-2215,1,3.1416,3.1416
1781291985662,17,2003,-1711,-2215,1,3.1416,3.1416
1781291985669,17,521,-1245,-1353,1587,2.8369,2.8369
1781291985677,17,374,-1199,-1268,1581,2.8369,2.8369
1781291985684,17,223,-1151,-1180,1581,2.8369,2.8369
1781291985868,17,285,-1193,-1212,1244,2.8617,2.8617
1781291985876,17,293,-1202,-1208,1039,2.8715,2.8715
1781291985884,17,298,-1207,-1208,865,2.8777,2.8777
1781291985891,17,307,-1211,-1212,713,2.8817,2.8817
1781291985969,17,347,-1223,-1235,534,2.8849,2.8849
1781291985981,17,372,-1230,-1251,409,2.8874,2.8874
1781291985994,17,388,-1235,-1261,319,2.8899,2.8899
1781291986036,17,399,-1238,-1268,251,2.8917,2.8917
1781291986177,17,424,-1233,-1279,177,2.7987,2.7987
1781291986193,17,438,-1222,-1287,136,2.6239,2.6239
1781291986207,17,447,-1217,-1291,108,2.498,2.498
1781291986216,17,470,-1212,-1315,73,2.0998,2.0998
1781291986276,17,493,-1199,-1341,73,1.5191,1.5191
1781291986294,17,505,-1185,-1348,85,1.3217,1.3217
1781291986304,17,510,-1179,-1351,84,1.2461,1.2461
1781291986340,17,533,-1171,-1358,98,0.939,0.939
1781291986480,17,552,-1157,-1352,118,0.8522,0.8522
1781291986513,17,555,-1158,-1327,87,0.7882,0.7882
1781291986686,17,597,-1130,-1344,132,0.6715,0.6715
1781291986704,17,608,-1122,-1346,132,0.6715,0.6715
1781291986718,17,618,-1114,-1347,132,0.6715,0.6715
1781291986731,17,629,-1105,-1349,132,0.6715,0.6715
1781291986795,17,660,-1081,-1353,132,0.6715,0.6715
1781291988657,21,1399,-817,-1784,0,0.0,0.0
1781291988698,21,1399,-817,-1784,0,0.0,0.0
1781291988707,21,1399,-817,-1784,0,0.0,0.0
1781291988728,21,1399,-817,-1784,0,0.0,0.0
1781291988773,21,1399,-817,-1784,0,0.0,0.0
1781291988939,21,1399,-817,-1784,0,0.0,0.0
1781291988948,21,1399,-817,-1784,0,0.0,0.0
1781291988957,21,1399,-817,-1784,0,0.0,0.0
1781291988965,21,1399,-817,-1784,0,0.0,0.0
1781291989088,22,1664,-854,-1819,0,0.0,0.0
1781291989245,22,1664,-854,-1819,0,0.0,0.0
1781291989255,22,1664,-854,-1819,0,0.0,0.0
1781291989263,22,1664,-854,-1819,0,0.0,0.0
1781291989272,22,1664,-854,-1819,0,0.0,0.0
1781291989305,22,1664,-854,-1819,0,0.0,0.0
1781291989329,22,1664,-854,-1819,0,0.0,0.0
1781291989450,22,1664,-854,-1819,0,0.0,0.0
1781291989461,22,1664,-854,-1819,0,0.0,0.0
1781291989740,23,1906,-873,-1811,0,0.0,0.0
1781291989777,23,1906,-873,-1811,0,0.0,0.0
1781291989787,23,1906,-873,-1811,0,0.0,0.0
1781291989865,23,1906,-873,-1811,0,0.0,0.0
1781291989914,23,1906,-873,-1811,0,0.0,0.0
1781291989926,23,1906,-873,-1811,0,0.0,0.0
1781291989940,23,1906,-873,-1811,0,0.0,0.0
1781291990070,23,1906,-873,-1811,0,0.0,0.0
1781291990080,23,1906,-873,-1811,0,0.0,0.0
1781291990091,23,2106,-834,-1885,188,0.1906,0.1906
1781291990104,23,2124,-830,-1892,188,0.1906,0.1906
1781291990269,23,2143,-827,-1899,188,0.1906,0.1906
1781291990279,23,2188,-836,-1847,219,0.0874,0.0874
1781291990287,23,2131,-857,-1835,107,-0.1309,-0.1309
1781291990294,23,2107,-867,-1829,58,-0.46,-0.46
1781291990372,23,2112,-869,-1827,58,-0.46,-0.46
1781291990384,23,2118,-872,-1824,58,-0.46,-0.46
1781291990416,23,2123,-874,-1821,58,-0.46,-0.46
1781291990439,23,2128,-877,-1818,58,-0.46,-0.46
1781291991215,25,2607,-907,-1835,13,0.0,0.0
1781291991293,25,2609,-907,-1835,13,0.0,0.0
1781291991303,25,2610,-907,-1835,13,0.0,0.0
1781291991340,25,2612,-907,-1835,13,0.0,0.0
1781291991375,25,2613,-907,-1835,13,0.0,0.0
1781291991455,25,2614,-907,-1835,13,0.0,0.0
1781291991475,25,2616,-907,-1835,13,0.0,0.0
1781291991498,25,2617,-907,-1835,13,0.0,0.0
1781291991538,25,2618,-907,-1835,13,0.0,0.0
1781291993564,26,2537,-1013,-1814,0,0.0,0.0
1781291993564,27,1792,-1818,-2219,0,0.0,0.0
1781291993589,26,2537,-1013,-1814,0,0.0,0.0
1781291993589,27,1792,-1818,-2219,0,0.0,0.0
1781291993611,26,2537,-1013,-1814,0,0.0,0.0
1781291993611,27,1792,-1818,-2219,0,0.0,0.0
1781291993751,26,2537,-1013,-1814,0,0.0,0.0
1781291993751,27,1792,-1818,-2219,0,0.0,0.0
1781291993762,26,2537,-1013,-1814,0,0.0,0.0
1781291993762,27,1792,-1818,-2219,0,0.0,0.0
1781291993771,26,2537,-1013,-1814,0,0.0,0.0
1781291993771,27,1792,-1818,-2219,0,0.0,0.0
1781291993781,26,2537,-1013,-1814,0,0.0,0.0
1781291993781,27,1792,-1818,-2219,0,0.0,0.0
1781291993853,26,2537,-1013,-1814,0,0.0,0.0
1781291993853,27,1792,-1818,-2219,0,0.0,0.0
1781291993887,26,2537,-1013,-1814,0,0.0,0.0
1781291993887,27,1792,-1818,-2219,0,0.0,0.0
1781291995294,30,3042,-875,-1856,2,0.1784,0.1784
1781291995335,30,3043,-875,-1856,2,0.1784,0.1784
1781291995343,30,3043,-874,-1856,2,0.1784,0.1784
1781291995495,30,2946,-995,-1842,172,-2.2406,-2.2406
1781291995503,30,2935,-1009,-1840,172,-2.2406,-2.2406
1781291995511,30,3060,-944,-1836,86,-0.297,-0.297
1781291995519,30,3068,-946,-1834,86,-0.297,-0.297
1781291995593,30,3076,-949,-1831,86,-0.297,-0.297
1781291995626,30,3125,-927,-1876,138,0.0522,0.0522
1781291995648,30,3139,-927,-1881,138,0.0522,0.0522
1781291995662,30,3153,-926,-1885,138,0.0522,0.0522
1781291995804,30,3167,-925,-1889,138,0.0522,0.0522
1781291995811,30,3181,-925,-1894,138,0.0522,0.0522
1781291995818,30,3250,-916,-1857,203,0.0825,0.0825
1781291995825,30,3187,-914,-1853,93,0.1831,0.1831
1781291995900,30,3196,-912,-1853,93,0.1831,0.1831
1781291996003,30,3262,-901,-1854,176,0.1725,0.1725
1781291996010,30,3284,-897,-1855,183,0.171,0.171
1781291996017,30,3302,-894,-1855,183,0.171,0.171
1781291996155,30,3265,-918,-1875,56,-0.1839,-0.1839
1781291996203,30,3332,-919,-1855,150,-0.0684,-0.0684
1781291996310,30,3560,-1056,-1856,530,-0.4338,-0.4338
1781291996318,30,3608,-1079,-1854,530,-0.4338,-0.4338
1781291996324,30,3656,-1101,-1852,530,-0.4338,-0.4338
1781291996361,30,3518,-947,-1857,227,0.0775,0.0775
1781291996515,30,3541,-946,-1856,227,0.0775,0.0775
1781291996522,30,3564,-944,-1855,227,0.0775,0.0775
1781291996529,30,3462,-907,-1855,90,0.7809,0.7809
1781291996535,30,3528,-890,-1851,166,0.4833,0.4833
1781291996617,30,3574,-889,-1849,206,0.334,0.334
1781291996631,30,3527,-898,-1863,102,0.4402,0.4402
1781291996675,30,3537,-894,-1864,102,0.4402,0.4402
1781291996681,30,3535,-983,-1834,121,-0.8815,-0.8815
1781291996826,30,3536,-1012,-1824,139,-1.0762,-1.0762
1781291996833,30,3536,-1025,-1841,136,-1.1463,-1.1463
1781291996840,30,3664,-1164,-1852,402,-0.9147,-0.9147
1781291996852,30,3689,-1196,-1853,402,-0.9147,-0.9147
1781291996902,30,3717,-996,-1821,251,0.0786,0.0786
1781291997026,30,3742,-994,-1817,251,0.0786,0.0786
1781291997033,30,3767,-992,-1813,251,0.0786,0.0786
1781291997148,30,3803,-946,-1834,170,0.3329,0.3329
1781291997239,30,3910,-940,-1867,266,0.1821,0.1821
1781291997274,30,3880,-937,-1872,188,0.2432,0.2432
1781291997307,30,3881,-991,-1862,161,-0.2658,-0.2658
1781291997437,30,3917,-1019,-1857,203,-0.3973,-0.3973
1781291997444,30,3935,-1033,-1854,205,-0.4434,-0.4434
1781291997450,30,3997,-997,-1853,255,-0.0713,-0.0713
1781291997469,30,4023,-999,-1853,255,-0.0713,-0.0713
1781291997538,30,4048,-1001,-1853,255,-0.0713,-0.0713
1781291997547,30,4074,-1002,-1853,255,-0.0713,-0.0713
1781291997642,30,4099,-1004,-1853,255,-0.0713,-0.0713
1781291997649,30,4027,-1090,-1838,181,-0.7006,-0.7006
1781291997685,30,4041,-1101,-1837,181,-0.7006,-0.7006
1781291997717,30,4055,-1113,-1835,181,-0.7006,-0.7006
1781291997757,30,4069,-1125,-1833,181,-0.7006,-0.7006
1781291997777,30,4083,-1136,-1832,181,-0.7006,-0.7006
1781291997850,30,4096,-1148,-1830,181,-0.7006,-0.7006
1781291997894,30,4272,-901,-1893,350,0.4725,0.4725
1781291997915,30,4304,-885,-1898,350,0.4725,0.4725
1781291997935,30,4335,-869,-1903,350,0.4725,0.4725
1781291998054,30,4366,-853,-1908,350,0.4725,0.4725
1781291998066,30,4397,-837,-1914,350,0.4725,0.4725
1781291998076,30,4428,-821,-1919,350,0.4725,0.4725
1781291998088,30,4460,-805,-1924,350,0.4725,0.4725
1781291998255,30,4563,-884,-1856,389,0.1635,0.1635
1781291998262,30,4601,-878,-1854,389,0.1635,0.1635
1781291998268,30,4640,-872,-1852,389,0.1635,0.1635
1781291998274,30,4695,-1058,-1838,444,-0.4175,-0.4175
1781291998314,30,4625,-1098,-1831,326,-0.6984,-0.6984
1781291998460,30,4650,-1119,-1827,326,-0.6984,-0.6984
1781291998467,30,4448,-1061,-1852,126,-2.2835,-2.2835
1781291998473,30,4439,-1071,-1852,126,-2.2835,-2.2835
1781291998478,30,4431,-1080,-1853,126,-2.2835,-2.2835
1781291998563,30,4423,-1090,-1853,126,-2.2835,-2.2835
1781291998569,30,4320,-1225,-1851,324,-2.2431,-2.2431
1781291998590,30,4285,-1217,-1852,303,-2.3878,-2.3878
1781291998621,30,4242,-1208,-1842,300,-2.5691,-2.5691
1781291998767,30,4217,-1224,-1841,300,-2.5691,-2.5691
1781291998773,30,4572,-1036,-1845,332,0.4197,0.4197
1781291998779,30,4767,-980,-1821,585,0.3466,0.3466
1781291998784,30,4857,-955,-1810,638,0.3312,0.3312
1781291998874,30,4863,-1033,-1818,521,0.1045,0.1045
1781291998881,30,4915,-1028,-1815,521,0.1045,0.1045
1781291998925,30,4967,-1022,-1811,521,0.1045,0.1045
1781291998931,30,5005,-944,-1838,523,0.2972,0.2972
1781291999074,30,5055,-929,-1839,523,0.2972,0.2972
1781291999080,30,5105,-914,-1840,523,0.2972,0.2972
1781291999088,30,4892,-911,-1852,208,0.7116,0.7116
1781291999107,30,4871,-897,-1832,173,0.9164,0.9164
1781291999279,30,4879,-888,-1836,165,0.9014,0.9014
1781291999286,30,4877,-894,-1847,131,0.8862,0.8862
1781291999291,30,4875,-1007,-1882,112,-0.931,-0.931
1781291999297,30,4927,-944,-1948,139,0.1591,0.1591
1781291999339,30,4967,-916,-1959,189,0.3358,0.3358
1781291999345,30,4960,-915,-1880,150,0.3656,0.3656
1781291999484,30,4974,-910,-1880,150,0.3656,0.3656
1781291999490,30,4988,-904,-1881,150,0.3656,0.3656
1781291999496,30,5054,-875,-1873,228,0.3902,0.3902
1781291999586,30,5058,-895,-1871,192,0.2405,0.2405
1781291999848,30,5210,-891,-1908,240,0.0673,0.0673
1781291999855,30,5143,-897,-1894,107,0.0428,0.0428
1781292000003,30,5216,-911,-1868,200,-0.0862,-0.0862
1781292000009,30,5236,-913,-1865,200,-0.0862,-0.0862
1781292000014,30,5256,-915,-1861,200,-0.0862,-0.0862
1781292000020,30,5276,-916,-1858,200,-0.0862,-0.0862
1781292000201,30,5350,-922,-1869,268,-0.082,-0.082
1781292000207,30,5379,-910,-1870,270,-0.0088,-0.0088
1781292000213,30,5406,-910,-1869,270,-0.0088,-0.0088
1781292000218,30,5433,-910,-1868,270,-0.0088,-0.0088
1781292000304,30,5479,-1065,-1871,363,-0.6166,-0.6166
1781292000311,30,5445,-984,-1865,215,-0.3042,-0.3042
1781292000333,30,5430,-948,-1862,152,-0.0104,-0.0104
1781292000339,30,5445,-948,-1861,152,-0.0104,-0.0104
1781292000508,30,5406,-1105,-1870,241,-1.267,-1.267
1781292000514,30,5408,-1156,-1873,280,-1.3337,-1.3337
1781292000519,30,5410,-1180,-1875,272,-1.3577,-1.3577
1781292000525,30,5415,-1206,-1875,272,-1.3577,-1.3577
1781292000611,30,5421,-1233,-1876,272,-1.3577,-1.3577
1781292000636,30,5427,-1259,-1877,272,-1.3577,-1.3577
1781292000642,30,5433,-1286,-1877,272,-1.3577,-1.3577
1781292000656,30,5512,-1147,-1866,160,-0.4496,-0.4496
1781292000815,30,5526,-1154,-1865,160,-0.4496,-0.4496
1781292000821,30,5540,-1161,-1864,160,-0.4496,-0.4496
1781292000826,30,5555,-1168,-1863,160,-0.4496,-0.4496
1781292000832,30,5569,-1175,-1863,160,-0.4496,-0.4496
1781292000918,30,5584,-1181,-1862,160,-0.4496,-0.4496
1781292000946,30,5598,-1188,-1861,160,-0.4496,-0.4496
1781292000962,30,5613,-1195,-1860,160,-0.4496,-0.4496
1781292001328,33,5809,-897,-1907,0,0.0,0.0
1781292001334,33,5809,-897,-1907,0,0.0,0.0
1781292001353,33,5910,-1032,-1892,173,-0.9253,-0.9253
1781292001373,33,5920,-1046,-1890,173,-0.9253,-0.9253
1781292001410,33,5886,-973,-1889,45,-0.3821,-0.3821
1781292001532,33,5891,-975,-1888,45,-0.3821,-0.3821
1781292001538,33,5895,-976,-1886,45,-0.3821,-0.3821
1781292001543,33,5924,-926,-1608,93,0.6168,0.6168
1781292001564,33,6113,-918,-1769,344,0.1672,0.1672
1781292001591,33,6134,-915,-1856,323,0.1663,0.1663
1781292001739,33,6005,-931,-1852,71,0.283,0.283
1781292001745,33,6135,-940,-1876,261,0.0156,0.0156
1781292001750,33,6201,-944,-1888,324,-0.01,-0.01
1781292001768,33,6193,-1078,-1897,336,-0.6865,-0.6865
1781292001839,33,6197,-1014,-1917,239,-0.3349,-0.3349
1781292001869,33,6234,-979,-1926,249,-0.0508,-0.0508
1781292001880,33,6104,-931,-1927,64,1.442,1.442
1781292001912,33,6105,-924,-1936,64,1.442,1.442
1781292002044,33,6186,-953,-1907,125,0.1024,0.1024
1781292002049,33,6109,-915,-1903,67,1.6732,1.6732
1781292002055,33,6204,-940,-1917,138,0.1357,0.1357
1781292002078,33,6227,-942,-1908,152,0.0866,0.0866
1781292002249,33,6208,-921,-1903,108,0.4075,0.4075
1781292002255,33,6225,-929,-1906,112,0.217,0.217
1781292002260,33,6153,-884,-1902,92,1.775,1.775
1781292002265,33,6199,-1002,-1874,120,-1.0886,-1.0886
1781292002297,33,6212,-977,-1880,85,-0.6507,-0.6507
1781292004352,36,5391,-904,-1920,12,2.603,2.603
1781292004501,36,5389,-903,-1922,14,2.603,2.603
1781292004508,36,5387,-902,-1922,14,2.603,2.603
1781292004514,36,5386,-901,-1923,14,2.603,2.603
1781292004519,36,5385,-900,-1923,14,2.603,2.603
1781292004707,36,5384,-900,-1924,14,2.603,2.603
1781292004713,36,5382,-899,-1924,14,2.603,2.603
1781292004719,36,5319,-883,-1918,88,2.8509,2.8509
1781292004724,36,5294,-882,-1915,108,2.9279,2.9279
1781292004766,36,5284,-880,-1914,108,2.9279,2.9279
1781292004787,36,5273,-877,-1914,108,2.9279,2.9279
1781292004805,36,5234,-859,-1836,151,2.8386,2.8386
1781292004823,36,5223,-854,-1818,146,2.8265,2.8265
1781292004926,36,5210,-850,-1806,146,2.8265,2.8265
1781292004957,36,5196,-845,-1794,146,2.8265,2.8265
1781292004962,36,5170,-896,-1864,157,-2.9464,-2.9464
1781292004981,36,5162,-907,-1878,150,-2.859,-2.859
1781292005129,36,5148,-911,-1879,150,-2.859,-2.859
1781292005135,36,5133,-916,-1881,150,-2.859,-2.859
1781292005140,36,5062,-939,-1897,231,-2.843,-2.843
1781292005162,36,5043,-945,-1901,227,-2.841,-2.841
1781292005320,36,5021,-952,-1904,227,-2.841,-2.841
1781292005327,36,4999,-959,-1908,227,-2.841,-2.841
1781292005332,36,4978,-966,-1911,227,-2.841,-2.841
1781292005345,36,4956,-972,-1915,227,-2.841,-2.841
1781292005423,36,4934,-979,-1918,227,-2.841,-2.841
1781292005432,36,4985,-901,-1825,139,2.9552,2.9552
1781292005441,36,4888,-901,-1796,246,3.0466,3.0466
1781292005531,36,4848,-900,-1783,267,3.0654,3.0654
1781292005571,36,4934,-906,-1837,94,3.0538,3.0538
1781292005592,36,4983,-904,-1871,10,1.7375,1.7375
1781292005599,36,4983,-903,-1875,10,1.7375,1.7375
1781292005734,36,4983,-902,-1880,10,1.7375,1.7375
1781292005740,36,4937,-922,-1886,67,-2.8569,-2.8569
1781292005746,36,4916,-926,-1890,87,-2.8957,-2.8957
1781292005759,36,4816,-916,-1886,222,-3.1241,-3.1241
1781292005859,36,4754,-914,-1877,283,3.1407,3.1407
1781292005893,36,4726,-914,-1879,283,3.1407,3.1407
1781292005901,36,4697,-914,-1880,283,3.1407,3.1407
1781292005907,36,4691,-916,-1853,253,-3.1345,-3.1345
1781292006139,36,4685,-914,-1848,225,3.1411,3.1411
1781292006145,36,4761,-903,-1847,80,2.9201,2.9201
1781292006248,36,4768,-891,-1887,23,2.1083,2.1083
1781292006375,36,4600,-899,-1879,214,3.1292,3.1292
1781292006382,36,4562,-906,-1888,239,-3.1099,-3.1099
1781292006396,36,4550,-909,-1892,222,-3.09,-3.09
1781292006550,36,4527,-910,-1895,222,-3.09,-3.09
1781292006557,36,4505,-911,-1897,222,-3.09,-3.09
1781292006562,36,4483,-912,-1900,222,-3.09,-3.09
1781292006578,36,4489,-902,-1835,186,3.1238,3.1238
1781292006755,36,4406,-917,-1866,275,-3.0778,-3.0778
1781292006762,36,4428,-923,-1879,202,-3.0201,-3.0201
1781292006857,36,4388,-928,-1882,202,-3.0201,-3.0201
1781292006863,36,4368,-931,-1883,202,-3.0201,-3.0201
1781292006869,36,4424,-915,-1872,104,-3.1297,-3.1297
1781292006959,36,4430,-913,-1870,82,3.1168,3.1168
1781292007002,36,4282,-912,-1867,288,3.1322,3.1322
1781292007009,36,4253,-912,-1866,288,3.1322,3.1322
1781292007027,36,4224,-911,-1866,288,3.1322,3.1322
1781292007164,36,4266,-911,-1887,192,3.1273,3.1273
1781292007171,36,4247,-911,-1889,192,3.1273,3.1273
1781292007176,36,4076,-868,-1857,405,2.9911,2.9911
1781292007182,36,4036,-862,-1854,405,2.9911,2.9911
1781292007368,36,3996,-856,-1852,405,2.9911,2.9911
1781292007374,36,4003,-863,-1893,342,3.0145,3.0145
1781292007380,36,3997,-864,-1901,302,3.02,3.02
1781292007386,36,4047,-883,-1874,180,3.1297,3.1297
1781292007414,36,4128,-891,-1846,29,-2.7999,-2.7999
1781292007519,36,4005,-1010,-1832,288,-2.4064,-2.4064
1781292007525,36,3956,-951,-1826,267,-2.8732,-2.8732
1781292007531,36,3930,-958,-1819,267,-2.8732,-2.8732
1781292007592,36,3904,-965,-1813,267,-2.8732,-2.8732
1781292007634,36,3816,-907,-1851,343,3.0887,3.0887
1781292007641,36,3768,-897,-1889,364,3.059,3.059
1781292007660,36,3820,-891,-1895,234,2.9944,2.9944
1781292007784,36,3796,-887,-1900,234,2.9944,2.9944
1781292007793,36,3731,-884,-1861,295,3.0241,3.0241
1781292007799,36,3707,-882,-1849,286,3.0307,3.0307
1781292007819,36,3791,-881,-1853,116,2.9003,2.9003
1781292007983,36,3815,-904,-1852,59,-2.9625,-2.9625
1781292007989,36,3712,-916,-1853,211,-3.0106,-3.0106
1781292007995,36,3659,-922,-1853,261,-3.0155,-3.0155
1781292008009,36,3723,-922,-1860,123,-2.9091,-2.9091
1781292008188,36,3737,-923,-1863,84,-2.8365,-2.8365
1781292008199,36,3651,-925,-1862,202,-3.0209,-3.0209
1781292008209,36,3588,-926,-1858,268,-3.057,-3.057
1781292008218,36,3619,-925,-1856,178,-3.0465,-3.0465
1781292008266,36,3637,-924,-1855,123,-3.0364,-3.0364
1781292008276,36,3550,-924,-1854,238,-3.0939,-3.0939
1781292008291,36,3506,-924,-1854,269,-3.1056,-3.1056
1781292008321,36,3479,-925,-1854,269,-3.1056,-3.1056
1781292008495,36,3452,-926,-1853,269,-3.1056,-3.1056
1781292008502,36,3420,-900,-1815,276,3.0446,3.0446
1781292008508,36,3393,-898,-1810,276,3.0446,3.0446
1781292008598,36,3365,-895,-1804,276,3.0446,3.0446
1781292008605,36,3338,-892,-1799,276,3.0446,3.0446
1781292008636,36,3384,-892,-1801,186,3.0127,3.0127
1781292008644,36,3366,-890,-1796,186,3.0127,3.0127
1781292008802,36,3347,-887,-1791,186,3.0127,3.0127
1781292008809,36,3329,-885,-1787,186,3.0127,3.0127
1781292008815,36,3310,-882,-1782,186,3.0127,3.0127
1781292008821,36,3292,-880,-1777,186,3.0127,3.0127
1781292008905,36,3333,-861,-1825,127,2.8066,2.8066
1781292008911,36,3266,-863,-1827,194,2.9691,2.9691
1781292009007,36,3287,-878,-1827,132,3.0932,3.0932
1781292009014,36,3274,-878,-1828,132,3.0932,3.0932
1781292009040,36,3224,-873,-1828,186,3.0739,3.0739
1781292009052,36,3171,-885,-1824,238,-3.1097,-3.1097
1781292009217,36,3197,-890,-1817,162,-3.0507,-3.0507
1781292009225,36,3181,-892,-1816,162,-3.0507,-3.0507
1781292009369,36,3084,-901,-1809,162,-3.0507,-3.0507
1781292009529,38,2963,-927,-1752,0,0.0,0.0
1781292009529,39,1961,-1778,-2192,0,0.0,0.0
1781292009621,38,3020,-927,-1792,42,0.0,0.0
1781292009621,39,1961,-1778,-2192,0,0.0,0.0
1781292009658,38,3024,-953,-1809,54,-0.6611,-0.6611
1781292009658,39,1961,-1778,-2192,0,0.0,0.0
1781292009672,38,3029,-957,-1814,54,-0.6611,-0.6611
1781292009672,39,1961,-1778,-2192,0,0.0,0.0
1781292009684,38,3033,-960,-1819,54,-0.6611,-0.6611
1781292009684,39,1961,-1778,-2192,0,0.0,0.0
1781292009826,38,3037,-964,-1824,54,-0.6611,-0.6611
1781292009826,39,1961,-1778,-2192,0,0.0,0.0
1781292009834,38,3042,-967,-1829,54,-0.6611,-0.6611
1781292009834,39,1961,-1778,-2192,0,0.0,0.0
1781292009841,38,2826,-922,-1817,226,3.031,3.031
1781292009841,39,1961,-1778,-2192,0,0.0,0.0
1781292009849,38,2780,-957,-1817,257,-3.0435,-3.0435
1781292009849,39,1961,-1778,-2192,0,0.0,0.0
1781292009928,38,2754,-959,-1819,257,-3.0435,-3.0435
1781292009966,38,2729,-962,-1822,257,-3.0435,-3.0435
1781292009991,38,2703,-964,-1824,257,-3.0435,-3.0435
1781292010019,38,2677,-967,-1827,257,-3.0435,-3.0435
1781292010133,38,2828,-932,-1817,51,2.7775,2.7775
1781292010141,38,2823,-931,-1818,51,2.7775,2.7775
1781292010149,38,2818,-929,-1819,51,2.7775,2.7775
1781292010191,38,2813,-927,-1820,51,2.7775,2.7775
1781292010237,38,2808,-925,-1821,51,2.7775,2.7775
1781292010277,38,2804,-923,-1822,51,2.7775,2.7775
1781292010441,38,2794,-920,-1824,51,2.7775,2.7775
1781292010449,38,2789,-918,-1825,51,2.7775,2.7775
1781292012208,40,1810,-882,-1781,11,-2.7948,-2.7948
1781292012258,40,1785,-897,-1805,39,-2.6418,-2.6418
1781292012310,40,1782,-899,-1807,39,-2.6418,-2.6418
1781292012322,40,1778,-901,-1808,39,-2.6418,-2.6418
1781292012362,40,1775,-903,-1810,39,-2.6418,-2.6418
1781292012493,40,1771,-905,-1812,39,-2.6418,-2.6418
1781292012506,40,1768,-907,-1814,39,-2.6418,-2.6418
1781292012517,40,1764,-908,-1816,39,-2.6418,-2.6418
1781292012527,40,1761,-910,-1818,39,-2.6418,-2.6418
1781292012695,40,1757,-912,-1820,39,-2.6418,-2.6418
1781292013141,41,1421,-889,-1721,8,3.1416,3.1416
1781292013309,41,1394,-867,-1675,42,2.5963,2.5963
1781292013320,41,1390,-865,-1670,42,2.5963,2.5963
1781292013332,41,1387,-863,-1666,42,2.5963,2.5963
1781292013343,41,1383,-861,-1661,42,2.5963,2.5963
1781292013411,41,1379,-859,-1656,42,2.5963,2.5963
1781292013422,41,1376,-856,-1652,42,2.5963,2.5963
1781292013458,41,1372,-854,-1647,42,2.5963,2.5963
1781292013471,41,1369,-852,-1643,42,2.5963,2.5963
1781292013620,41,1365,-850,-1638,42,2.5963,2.5963
1781292013652,42,1343,-848,-1659,6,2.5415,2.5415
1781292013821,42,1339,-845,-1654,10,2.5415,2.5415
1781292013831,42,1350,-849,-1648,7,-0.0188,-0.0188
1781292013841,42,1349,-851,-1645,4,-0.6437,-0.6437
1781292013850,42,1318,-842,-1639,48,2.8969,2.8969
1781292013866,42,1300,-838,-1636,69,2.8911,2.8911
1781292013899,42,1294,-836,-1633,69,2.8911,2.8911
1781292013931,42,1287,-834,-1630,69,2.8911,2.8911
1781292014025,42,1277,-852,-1629,72,-3.0135,-3.0135
1781292014035,42,1274,-855,-1628,67,-2.9449,-2.9449
1781292014066,42,1294,-856,-1628,27,-2.6954,-2.6954
1781292014092,42,1304,-861,-1625,19,-1.9247,-1.9247
1781292014234,42,1282,-864,-1611,43,-2.6691,-2.6691
1781292014246,42,1272,-865,-1604,53,-2.7813,-2.7813
1781292014257,42,1287,-866,-1610,23,-2.3762,-2.3762
1781292014266,42,1297,-873,-1607,25,-1.5425,-1.5425
1781292014334,42,1286,-877,-1605,32,-2.1226,-2.1226
1781292014345,42,1280,-878,-1604,34,-2.3057,-2.3057
1781292014379,42,1282,-879,-1613,28,-2.2167,-2.2167
1781292015586,43,1997,-2006,-1944,25,-1.6181,-1.6181
1781292015597,43,1997,-2008,-1936,25,-1.6181,-1.6181
1781292015767,43,1997,-2011,-1928,25,-1.6181,-1.6181
1781292015780,43,1997,-2013,-1919,25,-1.6181,-1.6181
1781292015791,43,1997,-2016,-1911,25,-1.6181,-1.6181
1781292015801,43,1997,-2018,-1903,25,-1.6181,-1.6181
1781292015828,43,1997,-2021,-1894,25,-1.6181,-1.6181
1781292015838,43,1996,-2023,-1886,25,-1.6181,-1.6181
1781292015886,43,1996,-2026,-1878,25,-1.6181,-1.6181
1781292022596,49,1626,-1055,-1601,159,1.1714,1.1714
1781292022729,49,1633,-1041,-1587,159,1.1714,1.1714
1781292022737,49,1624,-1039,-1614,135,1.2641,1.2641
1781292022745,49,1711,-1036,-1620,212,0.5495,0.5495
1781292022765,49,1751,-1036,-1623,237,0.3992,0.3992
1781292022830,49,1773,-1027,-1618,237,0.3992,0.3992
1781292022858,49,1795,-1017,-1614,237,0.3992,0.3992
1781292022866,49,1802,-1062,-1633,197,0.0692,0.0692
1781292022906,49,1807,-1070,-1636,175,-0.0047,-0.0047
1781292023036,49,1765,-1074,-1638,82,-0.0915,-0.0915
1781292023043,49,1718,-1058,-1636,19,1.7705,1.7705
1781292023051,49,1718,-1056,-1636,19,1.7705,1.7705
1781292023080,49,1717,-1054,-1636,19,1.7705,1.7705
1781292023245,49,1756,-1047,-1636,56,0.4963,0.4963
1781292023254,49,1761,-1044,-1636,56,0.4963,0.4963
1781292023262,49,1766,-1041,-1636,56,0.4963,0.4963
1781292023270,49,1771,-1039,-1636,56,0.4963,0.4963
1781292023277,49,1775,-1036,-1636,56,0.4963,0.4963
1781292023327,49,1780,-1033,-1636,56,0.4963,0.4963
1781292024495,50,1816,-977,-1590,0,2.1224,2.1224
1781292024531,50,1816,-977,-1590,0,2.1224,2.1224
1781292024678,50,1816,-977,-1590,0,2.1224,2.1224
1781292024686,50,1851,-1704,-2066,816,-1.5229,-1.5229
1781292024694,50,1816,-1873,-2176,937,-1.5873,-1.5873
1781292024701,50,1814,-1966,-2238,937,-1.5873,-1.5873
1781292024740,50,1813,-2060,-2299,937,-1.5873,-1.5873
1781292024766,50,1811,-2154,-2360,937,-1.5873,-1.5873
1781292024766,51,1804,-945,-1606,22,1.81,1.81
1781292024819,50,1810,-2248,-2422,937,-1.5873,-1.5873
1781292024819,51,1803,-940,-1604,25,1.81,1.81
1781292024851,50,1808,-2341,-2483,937,-1.5873,-1.5873
1781292024851,51,1802,-937,-1603,25,1.81,1.81
1781292024897,50,1806,-2435,-2545,937,-1.5873,-1.5873
1781292024897,51,1802,-935,-1603,25,1.81,1.81
1781292024913,50,1805,-2529,-2606,937,-1.5873,-1.5873
1781292024913,51,1785,-916,-1595,55,2.1267,2.1267
1781292025084,50,1803,-2623,-2667,937,-1.5873,-1.5873
1781292025084,51,1778,-912,-1593,58,2.2122,2.2122
1781292025092,51,1775,-907,-1591,58,2.2122,2.2122
1781292025100,51,1785,-958,-1589,40,-1.9536,-1.9536
1781292025108,51,1752,-917,-1589,71,2.6692,2.6692
1781292025186,51,1748,-897,-1593,82,2.3648,2.3648
1781292025195,51,1743,-892,-1592,82,2.3648,2.3648
1781292025208,51,1737,-886,-1592,82,2.3648,2.3648
1781292025223,51,1746,-878,-1597,71,2.119,2.119
1781292025391,51,1762,-911,-1598,9,2.7326,2.7326
1781292025400,51,1769,-926,-1601,18,-1.479,-1.479
1781292025409,51,1769,-928,-1602,18,-1.479,-1.479
1781292025416,51,1769,-930,-1603,18,-1.479,-1.479
1781292025493,51,1850,-916,-1612,112,0.0163,0.0163
1781292025514,51,1867,-914,-1618,120,0.0458,0.0458
1781292029371,53,2855,-1067,-1810,2371,1.0456,1.0456
1781292029488,53,2974,-862,-1828,2371,1.0456,1.0456
1781292029495,53,3093,-657,-1847,2371,1.0456,1.0456
1781292029502,53,3212,-452,-1865,2371,1.0456,1.0456
1781292029588,53,3330,-247,-1883,2371,1.0456,1.0456
1781292029602,53,3128,-818,-1849,1337,0.9417,0.9417
1781292029633,53,3206,-710,-1861,1337,0.9417,0.9417
1781292029647,53,3285,-602,-1873,1337,0.9417,0.9417
1781292029793,53,3164,-838,-1847,806,0.8738,0.8738
1781292029801,53,3215,-776,-1854,806,0.8738,0.8738
1781292029808,53,3267,-714,-1861,806,0.8738,0.8738
1781292029815,53,3319,-652,-1868,806,0.8738,0.8738
1781292029895,53,3371,-590,-1874,806,0.8738,0.8738
1781292029917,53,3422,-529,-1881,806,0.8738,0.8738
1781292029946,53,3474,-467,-1888,806,0.8738,0.8738
1781292029969,53,3526,-405,-1894,806,0.8738,0.8738
1781292030105,53,3578,-343,-1901,806,0.8738,0.8738
1781292030126,54,3159,-996,-1843,9,-1.9564,-1.9564
1781292030226,54,3251,-1002,-1857,66,-0.188,-0.188
1781292030234,54,3257,-1004,-1858,66,-0.188,-0.188
1781292030260,54,3264,-1005,-1859,66,-0.188,-0.188
1781292030280,54,3270,-1006,-1860,66,-0.188,-0.188
1781292030411,54,3277,-1007,-1861,66,-0.188,-0.188
1781292030418,54,3445,-1029,-1807,262,-0.1428,-0.1428
1781292030424,54,3471,-1033,-1801,262,-0.1428,-0.1428
1781292030435,54,3497,-1037,-1795,262,-0.1428,-0.1428
1781292030613,54,3523,-1040,-1790,262,-0.1428,-0.1428
1781292030619,54,3549,-1044,-1784,262,-0.1428,-0.1428
1781292030625,54,3575,-1048,-1779,262,-0.1428,-0.1428
1781292030631,54,3601,-1052,-1773,262,-0.1428,-0.1428
1781292030817,54,3627,-1055,-1768,262,-0.1428,-0.1428
1781292030824,54,3653,-1059,-1762,262,-0.1428,-0.1428
1781292030932,55,3761,-935,-1821,33,0.4918,0.4918
1781292031125,55,3934,-983,-1839,158,-0.1362,-0.1362
1781292031132,55,3947,-1009,-1850,161,-0.331,-0.331
1781292031138,55,3962,-1014,-1853,161,-0.331,-0.331
1781292031144,55,4014,-1021,-1926,215,-0.2578,-0.2578
1781292031183,55,4035,-1027,-1940,215,-0.2578,-0.2578
1781292031215,55,4056,-1032,-1953,215,-0.2578,-0.2578
1781292031241,55,4077,-1038,-1966,215,-0.2578,-0.2578
1781292031276,55,4214,-1220,-1858,452,-0.6656,-0.6656
1781292031436,55,4249,-1248,-1856,452,-0.6656,-0.6656
1781292031443,55,4126,-1017,-1848,157,0.4654,0.4654
1781292031449,55,4085,-956,-1853,161,1.1803,1.1803
1781292031455,55,4092,-941,-1851,161,1.1803,1.1803
1781292031489,55,4098,-926,-1849,161,1.1803,1.1803
1781292031533,55,4104,-911,-1847,161,1.1803,1.1803
1781292031574,55,4133,-1001,-1858,92,0.179,0.179
1781292031618,55,4164,-949,-1860,147,0.6214,0.6214
1781292031643,55,4176,-983,-1865,123,0.1848,0.1848
1781292031681,55,4148,-1130,-1857,215,-1.2945,-1.2945
1781292031727,55,4154,-1151,-1857,215,-1.2945,-1.2945
1781292031841,55,4160,-1172,-1856,215,-1.2945,-1.2945
1781292031847,55,4165,-1192,-1856,215,-1.2945,-1.2945
1781292031853,55,4171,-1213,-1855,215,-1.2945,-1.2945
1781292031882,55,4289,-1234,-1868,282,-0.8251,-0.8251
1781292032046,55,4243,-1039,-1875,131,0.6505,0.6505
1781292032052,55,4092,-958,-1880,228,2.1816,2.1816
1781292032063,55,4066,-920,-1885,228,2.1816,2.1816
1781292032109,55,4163,-1074,-1885,52,-1.1811,-1.1811
1781292032151,55,4187,-1119,-1884,103,-1.1259,-1.1259
1781292032189,55,4203,-1072,-1866,62,-0.1145,-0.1145
1781292032354,55,4219,-1180,-1849,189,-1.1539,-1.1539
1781292032361,55,4227,-1197,-1845,189,-1.1539,-1.1539
1781292032373,55,4213,-1116,-1872,40,-0.3856,-0.3856
1781292032668,55,4278,-1100,-1865,124,-0.3834,-0.3834
1781292032675,55,4237,-1144,-1874,113,-1.2558,-1.2558
1781292032769,55,4195,-1255,-1873,213,-1.6336,-1.6336
1781292032811,55,4216,-1269,-1871,203,-1.4673,-1.4673
1781292033275,55,4322,-1073,-1877,133,0.3542,0.3542
1781292033281,55,2294,-1789,-1941,2409,-2.8029,-2.8029
1781292033287,55,2067,-1869,-1949,2409,-2.8029,-2.8029
1781292033293,55,1840,-1949,-1956,2409,-2.8029,-2.8029
1781292033377,55,1613,-2029,-1963,2409,-2.8029,-2.8029
1781292033383,55,1385,-2109,-1971,2409,-2.8029,-2.8029
1781292033388,55,1158,-2189,-1978,2409,-2.8029,-2.8029
1781292033479,55,931,-2269,-1985,2409,-2.8029,-2.8029
1781292033581,55,704,-2349,-1993,2409,-2.8029,-2.8029
1781292033587,55,4065,-952,-2061,1297,0.4872,0.4872
1781292033593,55,4180,-891,-2074,1297,0.4872,0.4872
1781292033601,55,4315,-878,-1949,1293,0.4353,0.4353
1781292033684,55,4432,-824,-1944,1293,0.4353,0.4353
1781292033690,55,4550,-769,-1939,1293,0.4353,0.4353
1781292033708,55,4667,-715,-1935,1293,0.4353,0.4353
1781292033753,55,4784,-660,-1930,1293,0.4353,0.4353
1781292033889,55,4901,-606,-1925,1293,0.4353,0.4353
1781292033895,55,5019,-551,-1921,1293,0.4353,0.4353
1781292033901,55,5136,-497,-1916,1293,0.4353,0.4353
1781292033918,55,4133,-1143,-2001,159,-1.0262,-1.0262
1781292033992,55,4141,-1157,-2005,159,-1.0262,-1.0262
1781292034012,55,4321,-1063,-1973,304,0.0061,0.0061
1781292034035,55,4352,-1063,-1972,304,0.0061,0.0061
1781292034066,55,4382,-1062,-1971,304,0.0061,0.0061
1781292034202,55,4413,-1062,-1971,304,0.0061,0.0061
1781292034208,55,4443,-1062,-1970,304,0.0061,0.0061
1781292034214,55,4473,-1062,-1969,304,0.0061,0.0061
1781292034233,55,4745,-1070,-1886,569,-0.0121,-0.0121
1781292034295,55,4802,-1070,-1876,569,-0.0121,-0.0121
1781292034320,55,4563,-919,-1951,264,0.8128,0.8128
1781292034401,55,4520,-1111,-1890,146,-0.8814,-0.8814
1781292034407,55,4590,-998,-1862,201,0.396,0.396
1781292034452,55,4608,-1137,-1855,240,-0.6881,-0.6881
1781292034476,55,4627,-1153,-1845,240,-0.6881,-0.6881
1781292034606,55,4645,-1168,-1835,240,-0.6881,-0.6881
1781292034612,55,4694,-931,-1871,299,0.7084,0.7084
1781292034618,55,4709,-879,-1877,323,0.8431,0.8431
1781292034638,55,4681,-881,-1874,247,0.9586,0.9586
1781292034708,55,4642,-885,-1879,175,1.2239,1.2239
1781292034738,55,4668,-878,-1933,175,1.0264,1.0264
1781292034768,55,4677,-863,-1940,175,1.0264,1.0264
1781292034796,55,4686,-848,-1948,175,1.0264,1.0264
1781292034913,55,4876,-1040,-1902,362,-0.3754,-0.3754
1781292034920,55,4865,-1038,-1883,294,-0.3828,-0.3828
1781292034926,55,4860,-1036,-1874,243,-0.3871,-0.3871
1781292034956,55,4882,-1046,-1870,243,-0.3871,-0.3871
1781292035124,55,4893,-882,-1902,233,0.612,0.612
1781292035129,55,4705,-1041,-1892,185,-2.341,-2.341
1781292035164,55,4765,-1039,-1887,110,-1.7204,-1.7204
1781292035322,55,4885,-1039,-1888,195,-0.4889,-0.4889
1781292035328,55,4946,-1038,-1889,252,-0.3054,-0.3054
1781292035333,55,4902,-1037,-1933,149,-0.4345,-0.4345
1781292035440,55,4958,-1006,-1889,160,-0.253,-0.253
1781292035446,55,4973,-1010,-1886,160,-0.253,-0.253
1781292035484,55,5012,-919,-1879,212,0.4796,0.4796
1781292035636,55,5071,-890,-1866,279,0.474,0.474
1781292035642,55,5041,-876,-1879,211,0.6615,0.6615
1781292035711,55,5112,-858,-1894,219,0.4899,0.4899
1781292035760,55,5132,-847,-1894,219,0.4899,0.4899
1781292035789,55,5151,-837,-1895,219,0.4899,0.4899
1781292035795,55,5311,-894,-1900,367,0.0523,0.0523
1781292035937,55,5347,-892,-1901,367,0.0523,0.0523
1781292035943,55,5384,-891,-1903,367,0.0523,0.0523
1781292035962,55,5421,-889,-1904,367,0.0523,0.0523
1781292035971,55,5458,-887,-1905,367,0.0523,0.0523
1781292036039,55,5494,-885,-1906,367,0.0523,0.0523
1781292036081,55,5422,-1116,-1875,340,-0.7447,-0.7447
1781292036113,55,5381,-1120,-1908,264,-0.8938,-0.8938
1781292036140,55,5398,-1141,-1910,264,-0.8938,-0.8938
1781292036182,55,5414,-1162,-1913,264,-0.8938,-0.8938
1781292036347,55,5431,-1182,-1915,264,-0.8938,-0.8938
1781292036353,55,5447,-1203,-1917,264,-0.8938,-0.8938
1781292036358,55,5464,-1223,-1919,264,-0.8938,-0.8938
1781292036363,55,5481,-1244,-1922,264,-0.8938,-0.8938
1781292036403,55,5497,-1265,-1924,264,-0.8938,-0.8938
1781292036426,55,5514,-1285,-1926,264,-0.8938,-0.8938
1781292037178,56,2011,-1814,-2233,0,0.0,0.0
1781292037203,56,2011,-1814,-2233,0,0.0,0.0
1781292037230,56,2011,-1814,-2233,0,0.0,0.0
1781292037273,56,2011,-1814,-2233,0,0.0,0.0
1781292037374,56,2011,-1814,-2233,0,0.0,0.0
1781292037380,56,2011,-1814,-2233,0,0.0,0.0
1781292037385,56,2011,-1814,-2233,0,0.0,0.0
1781292037426,56,2011,-1814,-2233,0,0.0,0.0
1781292037536,56,2011,-1814,-2233,0,0.0,0.0
1781292037885,57,5317,-914,-1898,1,-1.5708,-1.5708
1781292037892,57,5316,-909,-1902,2,2.0441,2.0441
1781292037897,57,5315,-912,-1902,3,-2.1597,-2.1597
1781292037902,57,5315,-913,-1902,3,-2.1597,-2.1597
1781292037935,57,5315,-913,-1902,3,-2.1597,-2.1597
1781292038087,57,5327,-894,-1900,28,1.0264,1.0264
1781292038093,57,5329,-890,-1899,31,1.0256,1.0256
1781292038099,57,5323,-886,-1911,29,1.4078,1.4078
1781292038104,57,5310,-883,-1921,33,2.0791,2.0791
1781292038190,57,5329,-882,-1913,30,1.0468,1.0468
1781292038196,57,5337,-878,-1909,38,0.8267,0.8267
1781292038219,57,5340,-875,-1910,38,0.8267,0.8267
1781292038240,57,5342,-872,-1910,38,0.8267,0.8267
1781292038394,57,5330,-856,-1900,47,1.4439,1.4439
1781292038400,57,5331,-851,-1899,47,1.4439,1.4439
1781292038405,57,5318,-884,-1881,13,-2.825,-2.825
1781292038411,57,5311,-871,-1812,24,2.5338,2.5338
1781292038469,57,5309,-867,-1833,28,2.4236,2.4236
1781292038480,57,5311,-890,-1868,24,-2.1767,-2.1767
1781292042712,59,1787,-1873,-2240,0,3.1416,3.1416
1781292042797,59,1787,-1873,-2239,0,3.1416,3.1416
1781292042803,59,1787,-1873,-2238,0,3.1416,3.1416
1781292042836,59,1787,-1873,-2238,0,3.1416,3.1416
1781292042853,59,1787,-1873,-2237,0,3.1416,3.1416
1781292043006,59,1786,-1873,-2237,0,3.1416,3.1416
1781292043011,59,1786,-1873,-2236,0,3.1416,3.1416
1781292043016,59,1786,-1873,-2235,0,3.1416,3.1416
1781292043020,59,1786,-1873,-2235,0,3.1416,3.1416
