timestamp,person1,person2,distance,angle_diff
1357693100.78,9581900.0,9573500.0,1.304472307103527,128.69372954203394
1357693137.686,9584500.0,9584300.0,1.4501234430213177,170.48267520870422
1357693184.24,9593500.0,9592900.0,1.4556654835503926,127.59032742017102
1357693185.736,9594100.0,9573500.0,1.0897678651896463,95.21947250242874
1357693193.177,9594100.0,9573500.0,1.0504936934603655,106.60993076540905
1357693197.16,9594100.0,9573500.0,1.124819096566199,96.8052301919185
1357693208.282,9594100.0,9573500.0,1.2990535015926028,167.36643265686104
1357693210.39,9592900.0,9442300.0,0.8622041521588732,116.40485585619466
1357693214.769,9594100.0,9573500.0,1.0775532469442053,94.5673892357904
1357693220.794,9594100.0,9573500.0,0.886704009238708,133.43953895910252
1357693229.04,10002101.0,9442300.0,1.409555958449329,176.96210062659404
1357693230.304,10002100.0,9442300.0,1.4334468947261363,166.05900026415202
1357693230.772,9594100.0,9573500.0,1.2490400313841028,101.94084039710847
1357693237.077,9594100.0,9573500.0,1.116935539769419,90.40261631876393
1357693242.149,9594100.0,9573500.0,0.9731515812040792,167.6327831357235
1357693248.887,9594100.0,9573500.0,1.078933732904853,91.19060517440737
1357693254.732,9594100.0,9573500.0,1.1519392345084867,155.4850641550127
1357693259.527,9594100.0,9573500.0,1.0807349351251674,136.752610113667
1357693264.503,10005300.0,10004300.0,1.454441817330621,168.2703132743656
1357693269.478,9594100.0,9573500.0,0.5352952456355285,134.89307558956995
1357693278.304,10011400.0,10010700.0,1.201349657676732,120.3991738291697
1357693280.944,10011400.0,10005000.0,0.6547526250424658,160.99816105122665
1357693286.405,10011400.0,10005700.0,1.2636680735066463,150.48409903167845
1357693306.179,10014300.0,10005600.0,1.0688559304228054,97.17954351947746
1357693323.335,10014300.0,10014200.0,0.9474919524724205,121.28588331291415
1357693348.005,10021000.0,10020600.0,1.4716823706221387,161.40136905175407
1357693364.063,10023600.0,10021000.0,1.281340313890108,178.7495394599698
1357693417.362,10032800.0,9575800.0,1.4863027955299022,119.96962737016013
1357693463.504,10042100.0,10035500.0,1.4451992942151612,155.8292971983273
1357693465.575,10042100.0,10041700.0,1.096913852588253,159.88681241610522
1357693465.721,10042500.0,10040100.0,1.051026165230913,172.48733994230795
1357693474.076,10042400.0,9575800.0,1.1819039724106188,91.70590581525417
1357693474.826,10042600.0,9575800.0,1.2624709897657052,140.67615019884954
1357693481.642,10044100.0,9575800.0,1.2829392035478533,102.31845927978532
1357693519.901,10044100.0,9575800.0,1.2370327400679415,91.55773892943334
1357693532.183,10050801.0,9575800.0,0.5610080213330283,142.71295786476009
1357693540.681,10050801.0,9575800.0,1.0406848706500926,169.6720148244675
1357693545.043,10050801.0,9575800.0,0.5815917812349144,103.4438056852018
1357693562.801,10054101.0,10054100.0,0.47364649265037323,108.88325540914963
1357693618.69,10064600.0,10064000.0,1.4236210872279196,176.47823776860605
1357693632.33,10070500.0,10063701.0,1.0869894203716974,150.26954393749583
1357693638.788,10071200.0,10064800.0,1.4030089094513996,176.2718980664856
1357693640.854,10071000.0,10064800.0,1.420118657014266,97.70895652217835
1357693789.666,10094700.0,10094400.0,1.16117053011175,156.54285883638323
1357693807.046,10100500.0,10100200.0,1.2969271375061906,170.91550512723992
1357693807.046,10100200.0,10095900.0,1.462472221958421,158.9691632114237
1357693819.736,10101500.0,10100200.0,1.3493572543992938,114.22465445425674
1357693863.821,10105800.0,10104800.0,1.1125668519239649,172.3530959309088
1357693936.04,10120800.0,10114300.0,1.4816143222849867,168.62760975540917
1357693940.506,10120800.0,10115200.0,1.3999446417626658,166.31390918720575
1357693947.037,10120900.0,10120800.0,1.2938040809952642,164.63181969226068
1357693948.681,10122400.0,10112500.0,0.9257996543529274,174.74589987502802
1357693955.091,10123000.0,10122402.0,1.131089740029499,168.6523042363793
1357693987.115,10125100.0,10123000.0,1.2798831977957985,169.5542147017886
1357693989.405,10130801.0,10112500.0,0.7091043646741999,117.37676416407507
1357693994.708,10131400.0,10130600.0,1.3516053418065508,156.48233689312354
1357694004.86,10132300.0,10132000.0,1.4913892851968604,137.1626584075483
1357694013.609,10122800.0,10112500.0,1.3836683128553606,93.88744262021478
1357694015.303,10132600.0,10132300.0,1.4339961645694863,171.63626843342064
1357694061.871,10141900.0,10112500.0,0.2893751889848204,132.13617456673896
1357694067.237,10141900.0,10112500.0,0.4679081106371213,94.90541673482372
1357694077.689,10142700.0,10141500.0,1.1841689068709742,174.5331430456021
1357694081.31,10142700.0,10142100.0,1.1475835481567325,161.04663328069472
1357694085.407,10143100.0,10142700.0,1.419556620920771,160.5826696582916
1357694089.427,10143900.0,10142700.0,1.4814172268473178,162.81943959470283
1357694094.392,10145200.0,10141500.0,1.3800032608657125,100.1709561678555
1357694108.645,10150600.0,10144300.0,1.1857474435983382,166.20737873299709
1357694117.119,10150600.0,10141500.0,1.0560118370548697,163.60880354905458
1357694155.783,10154400.0,10153300.0,1.4852248987947931,178.03700914594512
1357694157.683,10154300.0,10153300.0,1.4440644029959315,164.93736048431006
1357694160.034,10154401.0,10153300.0,0.9942565061391365,178.92344975088588
1357694176.152,10154400.0,10150600.0,1.1503886299855368,141.0596881469101
1357694212.569,10163000.0,10150600.0,1.2189643144899693,97.98712753171436
1357694243.372,10171100.0,10165900.0,1.4976955631903295,152.45725108655
1357694247.45,10171100.0,10170400.0,1.1574268875397706,174.0427484687496
1357694247.945,10172600.0,10171000.0,1.1407072367614746,173.97653214772632
1357694249.691,10172900.0,10165900.0,1.412436547247344,179.47979176995787
1357694251.753,10165900.0,10162300.0,1.2742440896468756,93.06221150788785
1357694253.315,10172900.0,10170700.0,1.352921653311824,167.64884355408103
1357694253.84,10173100.0,10170700.0,1.4420641455913072,171.7686392841897
1357694255.88,10173400.0,10162300.0,1.384549385179164,96.39861964480802
1357694256.053,10172901.0,10170400.0,1.1263041329942824,177.8935008183587
1357694258.276,10170700.0,10162300.0,1.2183283629629584,92.84082061584931
1357694259.703,10173200.0,10140100.0,1.2123530838827428,137.05937171718006
1357694260.741,10173500.0,10171100.0,1.1670903992407782,161.48259686700976
1357694262.777,10174200.0,10162300.0,0.8489640746227147,115.84360400017833
1357694264.539,10174400.0,10162300.0,0.5412947441089754,133.9173681601478
1357694265.295,10173500.0,10172900.0,0.8327526643607928,152.27988095327134
1357694265.792,10173500.0,10173100.0,0.9534453314165424,158.7778526036295
1357694266.421,10173100.0,10171200.0,1.150063041750322,171.87830340617776
1357694267.134,10173500.0,10172901.0,1.4575355913321646,172.74333748517242
1357694268.196,10172901.0,10171200.0,1.4964364336649927,166.83929388524683
1357694269.224,10172900.0,10171100.0,1.3099564878269812,115.39679391144149
1357694269.399,10173500.0,10173400.0,0.7533292772752157,158.0628585710858
1357694273.299,10175200.0,10173500.0,1.45391746670848,169.88221543940713
1357694273.618,10174200.0,10173500.0,1.189760480096727,173.12964323074345
1357694374.229,10193200.0,10190000.0,0.5433323108374827,105.5636349356268
1357694403.486,10200200.0,10193300.0,1.2117924739822417,158.03436496857393
1357694403.486,10200000.0,10193300.0,1.2540398717744188,127.17503001016634
1357694421.113,10201700.0,10162300.0,1.4048633385493423,93.08847057499865
1357694467.313,10205200.0,10205000.0,1.2394813431431715,109.37947655541858
1357694474.601,10211400.0,10162300.0,1.316220346294649,98.79169246773093
1357694475.855,10211400.0,10211100.0,0.8620023201824929,90.65855656584887
1357694485.605,10211400.0,10211100.0,0.5124451190127564,122.42108459240686
1357694494.583,10211400.0,10211100.0,0.9367112682144916,101.23688684991687
1357694498.38,10211400.0,10211100.0,0.45528123176778856,91.8446937933287
1357694499.427,10213700.0,10211100.0,0.483801612233775,157.0271800606073
1357694499.946,10213700.0,10211400.0,1.2158754048010016,168.65220724491414
1357694501.496,10211400.0,10211100.0,0.4742488798089029,136.3388596897092
1357694501.609,10214000.0,10162300.0,1.4414218674628216,92.84064872851076
1357694502.957,10213700.0,10211100.0,1.2885918671169694,178.23679952910726
1357694503.711,10213700.0,10211400.0,0.539304181329981,123.25200558699939
1357694506.97,10213700.0,10211100.0,0.5555150763030637,147.91474469528765
1357694507.679,10213700.0,10211400.0,0.5016622369682644,96.2166306489806
1357694510.203,10213700.0,10211100.0,0.5389322777492579,163.5804994339751
1357694511.435,10213700.0,10211400.0,0.5231873469418006,165.56018320771113
1357694513.258,10213700.0,10211100.0,0.5670008818335331,114.48561912984496
1357694521.017,10213700.0,10211400.0,1.1681579516486646,105.80697011121887
1357694521.909,10214100.0,10212600.0,0.749208248753309,100.41961985094227
1357694531.871,10214100.0,10212600.0,0.42888226822754016,121.2654860154075
1357694545.187,10214100.0,10212600.0,1.1730920679980754,118.5795171676137
1357694564.438,10215900.0,10162300.0,1.2319561680514444,121.1232205948765
1357694642.853,10240100.0,10162300.0,1.3277416917457971,145.41699248319435
1357694656.032,10241500.0,10162300.0,0.6279211733967875,102.65071750518172
1357694658.029,10241700.0,10235200.0,0.765444315414257,176.69819626615677
1357694674.56,10241900.0,10241700.0,1.485010774371687,172.4726722227526
1357694688.185,10244100.0,10243500.0,0.729956848039663,178.6980481542814
1357694699.43,10245200.0,10244600.0,0.6957082721946031,92.67347724398546
1357694708.227,10250100.0,10245600.0,1.1425344633751773,159.563130957542
1357694717.283,10244100.0,10241500.0,1.2936881386176489,169.40666046944855
1357694731.451,10253100.0,10162300.0,0.548292804986532,90.30485211882078
1357694741.962,10254000.0,10251700.0,0.8006428667015028,101.72779708878497
1357694745.369,10254000.0,10251700.0,1.0708211802163796,107.21124997139883
1357694748.403,10254000.0,10251700.0,0.6757070371100186,148.976091714988
1357694752.975,10254000.0,10251700.0,0.7291755618505052,176.6442633375411
1357694761.742,10260000.0,10254400.0,1.3913162832368489,177.56227391699355
1357694763.827,10254000.0,10251700.0,0.7492589672469726,172.59454034577695
1357694775.01,10255300.0,10254700.0,1.4440477831429273,92.04459876804985
1357694782.007,10261800.0,10254400.0,1.4433991132046595,168.22017946729164
1357694790.11,10262900.0,10254000.0,0.8168335203699711,172.97311116111374
1357694792.249,10254400.0,10162300.0,1.3752817893071938,91.09060643906318
1357694794.613,10262900.0,10254000.0,1.4159297298948137,157.58654115589965
1357694801.065,10262900.0,10254000.0,1.4610629692111152,103.53687163122488
1357694809.058,10262900.0,10254000.0,1.153676731151322,102.7456169161492
1357694836.633,10271200.0,10271000.0,1.1560769870557932,162.44734320245104
1357694845.462,10270500.0,10265300.0,0.7223053370978232,152.45776674856563
1357694849.44,10272800.0,10162300.0,1.3060298618331807,127.4245531299458
1357694850.431,10272100.0,10254000.0,0.7460321708880927,147.0553080025914
1357694854.297,10272100.0,10254000.0,0.6488913622479499,175.81181295699554
1357694858.901,10272100.0,10254000.0,0.7830517224296234,105.82089298564054
1357694862.118,10274000.0,10254000.0,1.3150764236347634,109.0554689222721
1357694869.099,10274000.0,10254000.0,0.9666033312584846,152.5824423647861
1357694883.849,10271400.0,10270500.0,1.406775746165678,122.52984958201652
1357694895.672,10281200.0,10275501.0,1.0272341505226545,160.44544626635778
1357694939.658,10285900.0,10285600.0,1.273596482407203,100.74948925369293
1357694943.421,10290201.0,10285600.0,1.3520244080636998,101.11404469864083
1357694944.445,10290201.0,10285900.0,1.0084785570352999,154.2754356579325
1357694950.716,10290201.0,10285900.0,1.4124092891226683,148.4032485114162
1357694965.567,10292400.0,10162300.0,1.490659250130625,119.11276898754197
1357694968.685,10292400.0,10162300.0,1.2568420744071218,117.66289928696344
1357694979.551,10292400.0,10162300.0,1.3791482878936563,143.66836498814075
1357694981.391,10292700.0,10290200.0,1.2200282783607919,155.0721907678414
1357694984.013,10292400.0,10162300.0,1.1654801585612664,102.61771513618217
1357694990.206,10292400.0,10162300.0,1.4476328954538156,162.4152002701442
1357694997.463,10292400.0,10162300.0,1.4931419892294246,130.02417723801335
1357695068.164,10310700.0,10162300.0,0.7077697365669171,90.17731171362465
1357695070.898,10303200.0,10302000.0,0.8618828226621065,144.36760268131837
1357695074.797,10305800.0,10303200.0,0.8925945328087106,169.58954859765433
1357695076.63,10311300.0,10303700.0,1.3665467427058617,165.93728642837237
1357695080.321,10311300.0,10310000.0,1.1340745125431577,168.49840777260718
1357695083.96,10310000.0,10305800.0,1.3401268596666516,170.19077081217893
1357695084.784,10311300.0,10310700.0,1.1705763537676643,151.95728811451886
1357695090.614,10312800.0,10310000.0,1.2253836134043903,172.8374744509124
1357695093.688,10312900.0,10310700.0,1.494702980528238,147.9797181092555
1357695096.813,10312900.0,10310700.0,0.5347597591442349,168.9397747622903
1357695104.382,10312900.0,10310700.0,0.5472202481633883,144.19372759059002
1357695121.246,10314800.0,10312700.0,1.2388805430710432,174.48434464155076
1357695123.25,10312900.0,10305800.0,1.4974658593771022,153.94138366327738
1357695123.35,10315301.0,10305800.0,1.478550979844793,156.8534019613441
1357695124.56,10314700.0,10312900.0,1.4903617010645422,151.44439389641158
1357695125.321,10314801.0,10312900.0,0.9207828191272894,152.31391464630212
1357695126.082,10315300.0,10312900.0,1.4771678983785135,171.64390637218975
1357695137.494,10320700.0,10315301.0,0.9639626548782932,142.1339267170009
1357695142.945,10322100.0,10314801.0,0.715405479431072,173.0490853647481
1357695142.945,10322100.0,10314700.0,1.2922170870252425,173.82567236026836
1357695169.498,10324000.0,10322400.0,1.4230509477878859,175.2194891883893
1357695175.493,10323700.0,10314100.0,1.3974165449142215,94.326442882844
1357695184.375,10325500.0,10324000.0,1.078037568918636,178.48471836706037
1357695185.085,10325100.0,10324000.0,1.4661422168398255,163.22181025412937
1357695187.738,10325800.0,10324000.0,1.2830292280380846,173.21868087210677
1357695188.468,10325600.0,10323700.0,1.2311888563498286,137.75503947193405
1357695196.78,10330601.0,10325500.0,1.3860609654701341,166.60340716099148
1357695201.926,10330600.0,10323700.0,0.6710186286534826,133.36005211282404
1357695214.294,10331800.0,10330601.0,1.2594733026150244,166.39297736293378
1357695215.929,10332900.0,10330601.0,0.8801096522593062,159.72644152924812
1357695253.356,10340100.0,10334300.0,1.2096218417340177,178.16577036260486
1357695261.281,10340900.0,10334300.0,1.3840932049540586,170.39094466570378
1357695279.492,10343700.0,10340800.0,0.9151376945574913,103.77657957261377
1357695304.07,10345500.0,10323100.0,1.0641823152073144,105.00381547409829
1357695316.255,10345500.0,10270300.0,1.226957619479988,119.4163793231818
1357695317.967,10345500.0,10332901.0,0.6049999999999998,175.11402525839958
1357695320.389,10332901.0,10270300.0,1.444896190042731,132.42798197179906
1357695320.685,10340900.0,10332901.0,1.4904673763621927,142.79886183834407
1357695322.113,10345500.0,10332901.0,0.7578871947724146,140.865071983998
1357695336.661,10353200.0,10353000.0,0.8246023283983624,95.79373050039455
1357695360.235,10345500.0,10270300.0,0.9105212792680905,145.23861312147628
1357695367.112,10360600.0,10360400.0,0.6594459795919606,101.45508677839655
1357695368.639,10353800.0,10323800.0,1.2237127931013865,141.68398296048466
1357695368.672,10354800.0,10354100.0,1.4083483233916243,115.13621270621601
1357695371.131,10345500.0,10270300.0,1.4847289314888437,162.55324340308508
1357695377.64,10345500.0,10270300.0,1.4923216811398274,168.39959015304092
1357695383.457,10353800.0,10323800.0,0.930768499681849,119.82588985945563
1357695385.214,10362000.0,10270300.0,1.3087845506423117,164.90601969291643
1357695386.351,10362000.0,10345500.0,1.2575659028456538,149.00426363841459
1357695388.996,10353800.0,10323800.0,0.6028615098013815,166.9282918309245
1357695392.407,10353800.0,10323800.0,0.9666943674191961,109.67433823688674
1357695407.26,10353800.0,10323800.0,1.2144879579477093,106.63810268883563
1357695414.85,10353800.0,10323800.0,1.130950043105353,124.82477473463355
1357695423.916,10353800.0,10323800.0,0.9350342239725791,113.23624496187657
1357695428.521,10353800.0,10323800.0,0.9438273147138718,107.619310513091
1357695433.69,10353800.0,10323800.0,1.0736931591474372,145.5628499377408
1357695436.912,10353800.0,10323800.0,1.029774732647874,175.72932463459057
1357695442.803,10353800.0,10323800.0,0.9490426755420449,103.76284618562447
1357695445.811,10353800.0,10323800.0,1.072735754974169,157.62934110319594
1357695451.016,10353800.0,10323800.0,1.119704425283744,99.00099395029221
1357695455.931,10353800.0,10323800.0,1.2600388882887705,93.65621445419382
1357695462.66,10374100.0,10365000.0,0.8380023866314463,159.94191335590298
1357695473.512,10353800.0,10323800.0,1.236602603911214,132.19580187311823
1357695478.647,10375100.0,10370100.0,1.4094300266419755,141.93575821575897
1357695481.753,10353800.0,10323800.0,1.1074818282933572,166.18298833101835
1357695488.099,10345500.0,10270300.0,1.3490400290577,128.51639910444095
1357695488.312,10353800.0,10323800.0,0.8837103597899034,178.90045654320727
1357695490.854,10374500.0,10371900.0,0.8873111066587638,121.96151514493242
1357695493.258,10353800.0,10323800.0,1.3266291870752727,136.78515411643045
1357695500.491,10381500.0,10370100.0,1.4428333237072124,91.7909900478311
1357695517.211,10371900.0,10323800.0,1.363407495945361,149.1013975847831
1357695518.477,10383600.0,10383300.0,1.336848906944985,137.18488916999937
1357695520.632,10383901.0,10383600.0,1.0827049459571167,179.73980001738826
1357695522.014,10383901.0,10383300.0,0.6852539675186134,90.02421739076568
1357695525.011,10371900.0,10323800.0,1.256544865892182,175.40936740169565
1357695526.468,10384501.0,10383600.0,1.0894149806203328,104.94552806623967
1357695530.235,10371900.0,10323800.0,1.2137380277473386,129.48261753005573
1357695550.309,10390700.0,10354100.0,1.484323751746902,151.92308253414953
1357695557.736,10391700.0,10384500.0,1.1056382771955757,106.8319916067079
1357695559.147,10374500.0,10371900.0,1.424156241428587,179.47274438907777
1357695573.078,10393200.0,10391700.0,0.9643303375918438,94.18362210461177
1357695577.831,10392400.0,10371900.0,1.235000000000001,144.03713822518077
1357695583.079,10392400.0,10390700.0,1.4021076991444001,162.1063760185687
1357695587.928,10394700.0,10394600.0,1.0397740139087897,107.55535082306056
1357695592.2,10394100.0,10371900.0,1.379586169834999,169.53164016466044
1357695598.658,10390600.0,10354100.0,1.459428997930355,118.7037917133776
1357695603.024,10395000.0,10394100.0,1.2551227031649137,149.48027697460927
1357695604.476,10395100.0,10394100.0,1.0630846626680308,136.02676957870145
1357695604.542,10395800.0,10395100.0,1.2126277252314488,131.0245615483118
1357695605.646,10400300.0,10395000.0,0.033837848631376725,133.86895322645924
1357695609.633,10390600.0,10384500.0,0.908742537796047,145.22820288969874
1357695631.333,10402400.0,10354100.0,1.0726998648270625,179.38787173952505
1357695639.605,10403800.0,10354100.0,1.1659266700783528,119.86809924886295
1357695642.445,10402400.0,10384500.0,1.0250170730285397,168.3099795538825
1357695668.507,10410400.0,10405900.0,1.097027346969984,172.3077352736283
1357695717.899,10414400.0,10414301.0,1.4002778295752587,116.96018415132933
1357695720.706,10413900.0,10413700.0,1.253057460773447,163.64948355250885
1357695721.036,10413700.0,10413000.0,1.4781342970109312,167.3957504958779
1357695726.484,10420600.0,10420501.0,1.1800686420712978,129.19052364609803
1357695726.922,10420501.0,10414300.0,1.0011997802636607,164.2086727604627
1357695730.36,10415500.0,10413000.0,1.3435214921987662,107.5569727049808
1357695736.304,10420400.0,10420201.0,1.3716883756888811,114.79341205738926
1357695739.648,10420201.0,10413400.0,1.4638340069830327,148.01459363888512
1357695743.051,10420601.0,10420201.0,1.3195105153048232,96.25532290024577
1357695743.383,10420601.0,10420400.0,1.4979753001969025,153.4779929986694
1357695751.087,10421700.0,10413000.0,1.3634562699258093,155.21581368698685
1357695755.964,10422800.0,10421500.0,0.9970160480152769,160.99330851006187
1357695758.078,10422800.0,10420201.0,1.3742561624384295,130.18706913916904
1357695786.606,10430400.0,10420400.0,0.9856378645324059,148.7406457568749
1357695790.645,10430500.0,10430202.0,1.2696302611390453,160.46347683681054
1357695797.943,10425900.0,10421700.0,1.011661998890934,155.51300689532124
1357695800.545,10430000.0,10421700.0,0.5850854638426767,155.43768054535536
1357695802.979,10430200.0,10421700.0,1.3022196435317668,160.63192642857902
1357695805.001,10430900.0,10421700.0,1.4428485714031116,153.76113114092922
1357695812.644,10432000.0,10421700.0,1.4964013499058333,176.29156811895243
1357695814.929,10432600.0,10421700.0,1.2059361508803028,174.07473711381175
1357695824.261,10432000.0,10430202.0,1.3315273185331196,145.40826592461448
1357695829.836,10434600.0,10432000.0,1.418777642902509,126.66139094692538
1357695829.871,10434900.0,10434600.0,0.9314504817756016,112.43168002585998
1357695830.093,10434900.0,10432000.0,0.9128165204464693,138.8005728564888
1357695832.245,10434901.0,10430400.0,1.3737121241366406,152.54836897606964
1357695833.367,10435000.0,10434900.0,1.4086081783093547,112.0965173158023
1357695834.625,10435000.0,10434600.0,0.6720029761838854,123.37007458848205
1357695835.244,10434900.0,10434600.0,1.0530075973135236,128.87953975499482
1357695836.452,10435000.0,10434900.0,1.0898486133404035,177.20100642706976
1357695839.507,10435000.0,10434600.0,0.6185474921135804,93.62716549398068
1357695840.283,10434900.0,10434600.0,1.076015799140514,139.52714063649418
1357695840.283,10435000.0,10434900.0,0.8770820942192344,102.35232108547756
1357695843.35,10434900.0,10434600.0,0.7182214143284789,124.38592875924898
1357695844.479,10435000.0,10434900.0,1.4499275843986141,113.68725973810967
1357695876.449,10442401.0,10441600.0,1.031560468416661,164.7104295017526
1357695876.526,10441900.0,10441600.0,1.2494274688832485,168.80129086320716
1357695881.204,10443700.0,10442100.0,1.4870524536814418,176.93801879910467
1357695881.815,10443700.0,10442401.0,0.9376913138128146,150.8246651451042
1357695881.852,10442401.0,10442300.0,1.4641994399671105,160.4079572264624
1357695882.464,10443700.0,10443100.0,1.4182415168087565,176.56796295932352
1357695885.429,10442401.0,10442301.0,1.328728715727933,131.1337100082842
1357695885.5,10442301.0,10441900.0,0.9341418521830613,140.6310011245932
1357695886.023,10443100.0,10442301.0,0.8665823676950748,155.43525652252197
1357695887.427,10444500.0,10443702.0,1.185712022373055,166.91372110283433
1357695887.681,10443801.0,10442301.0,1.2066026686527767,98.05192905834366
1357695894.095,10443702.0,10442300.0,1.4590370111823758,173.73611905688944
1357695897.172,10444800.0,10442100.0,0.877510113901829,177.56708676247268
1357695897.88,10444800.0,10441900.0,0.9755347251635885,166.0871148917991
1357695898.517,10445300.0,10444800.0,1.4862452691261971,138.35842132598634
1357695910.832,10450200.0,10434901.0,1.269014184317891,137.6620484217843
1357695912.824,10384200.0,10323800.0,1.0421559384276415,140.55905522561864
1357695928.474,10450900.0,10444800.0,0.7192530848039511,175.37099682951575
1357695928.695,10445700.0,10384200.0,1.4553741786908274,153.76034660010984
1357695939.703,10453400.0,10450100.0,1.032698407086987,93.209518957016
1357695947.305,10454600.0,10454400.0,1.3488561821039333,144.6940167372044
1357695960.215,10455101.0,10453600.0,1.0870073596806975,141.4397883481999
1357695964.515,10460200.0,10453600.0,1.4366547950012214,105.09655974103615
1357695983.917,10461900.0,10453400.0,1.1448078441380456,150.2354353485917
1357695987.772,10461400.0,10460400.0,1.015524495027077,117.79462228406399
1357696002.815,10461900.0,10461400.0,0.9530351515028199,171.99587434573857
1357696008.083,10462700.0,10462600.0,1.0344563789740004,139.8782667734442
1357696010.965,10465000.0,10464500.0,0.8620556826562851,112.24004324348253
1357696012.41,10462700.0,10462600.0,0.8956293876375431,119.62442029859379
1357696015.345,10465200.0,10464200.0,0.18817545004596142,91.55223853460008
1357696015.818,10462700.0,10462600.0,0.8746227758296713,133.74234715382917
1357696017.712,10465100.0,10462700.0,1.1718365927039482,142.12682204034127
1357696018.863,10465100.0,10462600.0,0.7438366756217386,125.59492700275456
1357696018.897,10462700.0,10462600.0,0.882102601741998,96.41367083472609
1357696019.519,10465900.0,10464500.0,0.5303772242470457,96.29583101636153
1357696020.849,10470000.0,10465800.0,0.6790066273608822,123.25743108595931
1357696021.939,10465100.0,10462600.0,0.6534294147036851,101.37691773504685
1357696021.939,10462700.0,10462600.0,1.245941411142594,112.84839223025864
1357696022.83,10465900.0,10464500.0,0.5935596010511496,138.15272947753436
1357696025.638,10470400.0,10461900.0,0.885381838530699,170.96659536247174
1357696026.067,10465100.0,10462600.0,0.7906111560052765,141.94526931515813
1357696027.574,10470000.0,10465200.0,1.1161451518507792,94.32445513065491
1357696028.565,10465900.0,10464500.0,0.4863743414284943,122.31136317463931
1357696031.664,10465900.0,10464500.0,0.6052900131341986,173.17391526821322
1357696032.707,10471200.0,10470000.0,0.735356376187764,171.51823912762367
1357696032.707,10470000.0,10465200.0,1.4853693143457622,92.62939918944603
1357696034.839,10471301.0,10471200.0,0.8845077727188156,130.49875817972023
1357696035.773,10470000.0,10465200.0,1.0773694816542743,131.21726485490814
1357696035.773,10471200.0,10465200.0,0.6194683204167908,112.71151261300187
1357696035.773,10471300.0,10465900.0,0.7166484493808631,114.05085875489968
1357696036.625,10465900.0,10464500.0,0.5316812955145198,165.71138676984614
1357696037.38,10471301.0,10465200.0,1.0341421565722964,132.21948263015096
1357696037.88,10471301.0,10471200.0,1.3626169674563722,159.34237031907807
1357696038.172,10470600.0,10465100.0,0.950571407102066,92.10107480655591
1357696040.145,10471200.0,10465200.0,0.6493766241558132,104.89741721154253
1357696041.412,10471200.0,10470000.0,0.5037658186101951,92.12989458365098
1357696042.316,10470000.0,10465200.0,1.4738792352156944,113.76695816741235
1357696043.153,10471200.0,10465200.0,1.4697227629726635,95.01605488506347
1357696045.703,10470000.0,10465200.0,1.4233555423716167,151.62783738231863
1357696046.566,10471200.0,10465200.0,1.3587586246276417,139.83539193027457
1357696049.595,10471200.0,10465200.0,0.5211612034677948,113.9423405485019
1357696049.672,10471200.0,10470000.0,0.9517194964904315,91.25899873505215
1357696050.92,10472800.0,10470000.0,0.7783932168255328,93.09137505966002
1357696050.92,10472800.0,10471200.0,1.033379407574972,163.0606372263591
1357696050.92,10472800.0,10465200.0,0.8465293851958122,179.88997225549204
1357696051.221,10470000.0,10465200.0,1.4961744550686595,106.27874355972958
1357696052.933,10471200.0,10470000.0,0.5822800013739095,93.6733855879539
1357696054.182,10472800.0,10465200.0,0.7159476237826341,171.27761445376257
1357696054.182,10472800.0,10470000.0,0.6808421256062233,113.36773877585905
1357696055.463,10470000.0,10465200.0,1.1371565415544158,95.27321594361204
1357696058.005,10473500.0,10465600.0,0.8380984429051282,158.22953199368933
1357696059.03,10473800.0,10473700.0,1.1038813342021858,140.6615397750737
1357696059.331,10472800.0,10470000.0,0.8810107831349174,114.85834577567141
1357696064.526,10472800.0,10470000.0,0.607961347455576,173.83115515500782
1357696064.988,10473500.0,10473400.0,0.5585875043357127,112.46584591054365
1357696066.097,10474600.0,10470000.0,0.8920005605379403,141.5689330352224
1357696067.023,10473800.0,10473601.0,1.471738088112142,175.51091312308668
1357696070.676,10474900.0,10472800.0,1.0522095798841598,91.1130090888528
1357696073.177,10475200.0,10474900.0,1.1992164108283376,138.83850266252642
1357696074.168,10475200.0,10472800.0,1.0689480810591316,177.04304196295217
1357696075.813,10474900.0,10472800.0,1.1820609121360872,96.99499381366583
1357696076.001,10475500.0,10473601.0,1.2674580860920028,172.67355122572548
1357696076.955,10475601.0,10473601.0,1.367038404727537,171.7572374240666
1357696079.149,10474900.0,10472800.0,0.8680581777738173,123.42137191124012
1357696079.326,10475200.0,10472800.0,0.9249610802622996,104.25387101605162
1357696081.143,10475600.0,10473400.0,0.5212839916974252,163.19184456144401
1357696082.463,10475200.0,10474900.0,1.499089390263303,129.29029319832412
1357696082.695,10480000.0,10475201.0,1.1728537845784528,166.6156684578073
1357696084.61,10480300.0,10474900.0,1.4642472468814818,90.88995661920838
1357696088.341,10480800.0,10475201.0,0.9765336655743097,113.38594123365037
1357696088.661,10480700.0,10480300.0,0.7559100475585698,101.59143313354384
1357696090.848,10480300.0,10474900.0,1.089025711358552,170.2406181403553
1357696091.699,10481000.0,10474900.0,0.9076232698647603,117.77109131877795
1357696093.846,10481000.0,10480300.0,0.8798846515310972,100.12571010213398
1357696094.407,10480300.0,10474900.0,1.0140833299093324,166.76154351244762
1357696095.215,10480000.0,10475201.0,0.8086068265850839,115.14241825049724
1357696095.469,10481000.0,10474900.0,0.9543091742197599,116.45372915611935
1357696097.287,10481601.0,10474602.0,1.380546268692216,90.77868821539396
1357696097.47,10481600.0,10481000.0,0.9304670870052304,109.82174267748006
1357696097.47,10481000.0,10480300.0,0.7247654793103767,144.39042400165843
1357696098.2,10481600.0,10474900.0,1.0649342702721143,110.15147988857784
1357696098.2,10480300.0,10474900.0,0.5944005383577643,131.54098600915702
1357696098.498,10481000.0,10474900.0,0.6406637183421579,123.09431000168556
1357696098.755,10480000.0,10475201.0,0.5616333323441535,134.26750266875226
1357696100.593,10475601.0,10475201.0,0.7041001349240039,102.78032055844031
1357696100.703,10480000.0,10475601.0,0.5431482302281743,93.27546639923555
1357696101.887,10480000.0,10475201.0,1.1033281470170175,132.86879809927885
1357696104.263,10480300.0,10474900.0,1.1851793113280367,154.8671291729641
1357696105.21,10480000.0,10475201.0,0.6001216543335169,109.24838381189265
1357696105.21,10480000.0,10475601.0,0.6802095265431084,110.86297887857131
1357696105.475,10475601.0,10475201.0,0.47122181613334163,107.96818451454617
1357696105.475,10481000.0,10474900.0,0.843656920791858,103.4684428703924
1357696107.615,10480300.0,10474900.0,0.8351299300108935,110.9592357881533
1357696107.615,10481000.0,10480300.0,1.1694977554488935,93.77389998531369
1357696108.366,10480000.0,10475201.0,0.5403415586460099,162.15005300265148
1357696108.479,10475601.0,10475201.0,0.4926032886613758,112.6428722691452
1357696108.848,10480000.0,10475601.0,1.0971476655400598,114.67228877949859
1357696111.509,10475601.0,10475201.0,0.7339891007365156,118.66884128787461
1357696112.559,10480000.0,10475601.0,0.7636150862836565,178.59358034813522
1357696112.745,10480000.0,10475201.0,0.8269830711689284,100.83948332321414
1357696113.267,10482900.0,10480800.0,1.4401506865602645,119.05833799700454
1357696126.325,10483800.0,10480300.0,1.3960805850666356,127.4078976582013
1357696155.006,10490400.0,10473400.0,0.5309058296911056,170.7342212808605
1357696160.723,10485300.0,10485100.0,1.4755666708082018,102.57755079474347
1357696172.07,10485300.0,10485100.0,0.9047281359612948,144.773256800271
1357696178.258,10493100.0,10481801.0,1.2740663248041677,151.13585612373362
1357696180.231,10492000.0,10491800.0,0.9808695122186224,173.52479462195134
1357696181.717,10491800.0,10473400.0,1.481565725845465,164.8925727848247
1357696185.386,10485300.0,10485100.0,0.7348884269057444,109.09272877904942
1357696189.734,10493901.0,10492000.0,1.364149918447382,167.45843207866523
1357696191.367,10493700.0,10485100.0,0.6365940621777749,127.98937492438577
1357696193.554,10494400.0,10492000.0,1.4355643489582746,160.47350359822536
1357696195.475,10493900.0,10492000.0,1.1885486948375286,149.83637024428307
1357696196.167,10495000.0,10492000.0,1.2544720004846668,174.56906749935678
1357696196.824,10494901.0,10494200.0,1.2134356183992623,159.64328775308078
1357696199.389,10495700.0,10492000.0,1.2729697561214839,178.76489472887934
1357696202.181,10494900.0,10494200.0,1.310154952667813,150.86912667000638
1357696203.688,10494200.0,10493700.0,1.4140438465620504,162.28332298579892
1357696203.754,10495000.0,10493900.0,1.0315444731081642,91.55414689541786
1357696209.391,10494400.0,10473400.0,0.6228771949590065,176.8561431301805
1357696211.384,10495000.0,10494200.0,1.4264546960909774,165.5315926137341
1357696212.535,10494200.0,10493900.0,1.4702248127412347,174.83264568521082
1357696214.25,10501000.0,10493900.0,1.4255991722780983,97.62496090941217
1357696215.207,10495700.0,10494200.0,1.0459239934144364,177.7592392068657
1357696217.545,10500901.0,10473600.0,1.3848628090897679,140.65175979687078
1357696219.959,10501800.0,10494200.0,1.2830670286465964,154.03433501774145
1357696226.283,10502401.0,10501001.0,0.9015658600457315,172.8390390370531
1357696229.945,10502401.0,10502000.0,1.382236593351514,158.14204133837285
1357696235.08,10503400.0,10492000.0,1.2265027517294849,156.54400475197346
1357696241.083,10504100.0,10502401.0,1.3419396409675068,167.11719601597915
1357696241.489,10503400.0,10473400.0,0.6824023739700795,176.27149699602901
1357696243.949,10502000.0,10491500.0,1.4845154091487238,111.0783713138548
1357696244.918,10503400.0,10502601.0,1.1059122930865732,169.1468990052301
1357696246.182,10504200.0,10473400.0,0.5744606165787167,144.3569632664228
1357696246.366,10503400.0,10502800.0,0.7447583500706791,154.88328658278678
1357696247.621,10504200.0,10502601.0,1.360982733174818,126.51339594844306
1357696250.288,10504200.0,10502800.0,0.9602676710167845,128.15100631839218
1357696250.595,10504200.0,10473400.0,0.6758853453064358,124.8602805178378
1357696254.425,10504200.0,10473400.0,0.4785394445602161,108.10693729243302
1357696255.653,10503600.0,10474602.0,1.0073976374798619,102.40270167576341
1357696257.123,10505400.0,10504900.0,0.5936370945282998,144.17378865931948
1357696257.468,10504200.0,10473400.0,0.5968534158401028,165.01151882309387
1357696258.614,10505700.0,10504900.0,1.0335729292120612,151.60910166241786
1357696260.538,10504200.0,10473400.0,0.4921107598904945,158.6730586229001
1357696261.978,10505400.0,10504900.0,0.5751982267010214,163.12337610492588
1357696262.784,10505700.0,10505400.0,1.1659935677352606,150.13140381308978
1357696266.051,10505400.0,10504900.0,0.4895406009719734,176.0450067796138
1357696266.051,10505700.0,10505400.0,1.02608869012381,163.2416345938409
1357696270.962,10505400.0,10504900.0,0.4901560975852489,177.96380273982123
1357696271.412,10510200.0,10474602.0,0.9578627250290077,139.0501135763621
1357696271.895,10505700.0,10505400.0,1.0796814344981567,172.3534397055859
1357696273.688,10505700.0,10504900.0,1.1069598005347812,110.44523535014143
1357696276.094,10504801.0,10473400.0,0.9201782436028363,176.12059751288538
1357696276.462,10510200.0,10474602.0,0.8118602096420274,93.3975064095984
1357696277.269,10505400.0,10504900.0,0.5340009363287679,158.2047802169397
1357696281.667,10510200.0,10474602.0,0.9737396982767015,113.2677400405149
1357696281.771,10505700.0,10505400.0,0.965468798045799,142.12481668805833
1357696282.547,10505700.0,10504900.0,1.015955215548405,169.48933827928596
1357696283.307,10505400.0,10504900.0,0.6577788382123585,177.38269134390572
1357696285.494,10510200.0,10474602.0,1.2591179452299115,129.50467640516825
1357696286.082,10505700.0,10505400.0,0.6947409589192217,104.95167631474143
1357696297.919,10504901.0,10504700.0,1.1861955993848567,153.50805568281993
1357696304.158,10514100.0,10474602.0,0.8274019579382157,90.34026091055986
1357696307.459,10514100.0,10474602.0,0.8458427749883554,141.30470250020187
1357696317.359,10515401.0,10513200.0,1.0956733089748971,168.20209160105935
1357696318.663,10515400.0,10513900.0,1.1811155743617974,104.15274396521099
1357696324.584,10520200.0,10514100.0,1.0930384256740464,151.69710797974994
1357696325.83,10520100.0,10515401.0,1.0805947436481451,115.10172064694912
1357696326.182,10520501.0,10515400.0,0.8399744043719436,135.7899661219739
1357696327.611,10520701.0,10520501.0,0.8594067721399458,142.97646115474078
1357696328.251,10520701.0,10514200.0,1.365861632816443,127.3689189280386
1357696329.493,10520501.0,10515400.0,1.4192709396024423,117.052946018361
1357696333.609,10520200.0,10514100.0,0.6395764223296526,95.59050237046164
1357696333.648,10515400.0,10491500.0,1.405822179366935,94.3010035567402
1357696334.676,10505700.0,10505400.0,1.320456360505718,95.90883772143633
1357696336.901,10520701.0,10520000.0,1.0310732272734076,175.3421594523268
1357696337.157,10520200.0,10514100.0,0.9542080485931734,120.61072744722581
1357696339.615,10520000.0,10515401.0,1.1745509780337318,171.1202053473463
1357696343.446,10520200.0,10514100.0,0.91074310318553,100.64095344720131
1357696345.92,10521500.0,10515401.0,1.1340414454507401,160.56500495810775
1357696349.242,10505700.0,10505400.0,0.6422227028064333,113.15769244816408
1357696354.275,10505700.0,10505400.0,0.6990064377385924,156.84983202292045
1357696354.827,10520300.0,10520000.0,1.2703011453982083,164.37265328142917
1357696358.249,10523600.0,10515401.0,1.1117427760053094,178.63546356295925
1357696359.225,10523400.0,10515401.0,1.1287417773786865,141.65338701422468
1357696359.45,10523800.0,10515401.0,1.4350000000000058,164.2010127261018
1357696361.209,10521500.0,10520300.0,1.446328109385973,166.42231280204447
1357696362.195,10522700.0,10520300.0,1.3166294087555523,168.07837241299677
1357696362.274,10505700.0,10505400.0,0.6588383716815558,126.48606586161533
1357696368.9,10523600.0,10520300.0,1.2974929672256417,158.015761440326
1357696370.013,10523800.0,10520300.0,1.4902301835622578,169.65011023659963
1357696379.911,10523600.0,10520100.0,1.014093190983945,112.12921560581042
1357696402.858,10523601.0,10520100.0,1.249899595967612,168.97466789201377
1357696402.858,10523700.0,10520100.0,1.1571292062686864,172.31804851394068
1357696406.171,10523700.0,10520100.0,1.0682719691164793,164.83046415983253
1357696406.732,10532300.0,10522700.0,1.441287271851103,170.6469598086621
1357696411.55,10532300.0,10522700.0,1.231498680470263,90.47255686545556
1357696412.307,10533100.0,10531200.0,1.4947173645877005,97.9365353584043
1357696413.711,10533300.0,10514200.0,1.2613342142350685,94.32317702341176
1357696414.622,10533300.0,10522700.0,1.3495247311553789,103.21572878705405
1357696414.959,10533102.0,10532400.0,0.7398763410192277,101.19465986041574
1357696415.6,10532300.0,10522700.0,1.3126164710226658,140.0316475752007
1357696417.403,10533300.0,10532300.0,1.3891724155050003,124.96730903396825
1357696418.689,10533300.0,10522700.0,1.4604910133239428,167.9644684033248
1357696418.728,10533300.0,10514200.0,1.4949548488165112,127.97974923342755
1357696418.908,10532300.0,10522700.0,1.0216936918665984,170.7025367147898
1357696420.653,10533300.0,10532300.0,1.239601952241122,146.2859226751959
1357696422.513,10532300.0,10522700.0,1.0766359644745287,124.57788722071167
1357696423.521,10533400.0,10523601.0,1.2072290586297183,177.14602007883101
1357696424.071,10533400.0,10523700.0,1.464023223859512,159.72059735973775
1357696424.278,10533300.0,10532300.0,1.27942565239251,149.59045675861293
1357696424.278,10533300.0,10522700.0,1.4556459047446946,140.9340957982174
1357696425.189,10533700.0,10520100.0,0.6530375180646213,91.71501584419674
1357696426.028,10533400.0,10514200.0,1.4561765002910865,93.58944727096726
1357696426.761,10532300.0,10522700.0,1.1670586960388918,92.61870247877093
1357696427.089,10533400.0,10533101.0,1.2872583268326525,141.78277848445907
1357696427.795,10533700.0,10533400.0,1.0429674012163561,170.05939158975545
1357696429.383,10533300.0,10532300.0,1.4302594170289542,169.66970539319314
1357696430.148,10523700.0,10523601.0,0.6327787923121319,103.9895479850639
1357696430.912,10533700.0,10532300.0,1.4365225372405421,145.54445799251712
1357696431.969,10533700.0,10523700.0,1.271978773407796,112.32195860809242
1357696432.338,10533300.0,10514200.0,1.40482596786933,99.07861213143858
1357696432.597,10533700.0,10523601.0,0.6650451112518609,90.81260731686571
1357696432.933,10533101.0,10523700.0,1.3380478317309896,92.01186527785403
1357696433.084,10533300.0,10532300.0,1.4256121492187146,149.7692944865671
1357696434.467,10533900.0,10533700.0,1.191543956386,157.53531872901496
1357696434.987,10533101.0,10523601.0,0.89709419795248,148.71797422828155
1357696436.04,10532300.0,10522700.0,0.6631085883925785,169.93343786629185
1357696436.37,10533300.0,10514200.0,0.9421915941038738,93.15142103658972
1357696436.37,10523700.0,10523601.0,0.7605524308027691,141.80178308316354
1357696437.488,10505700.0,10505400.0,1.1392229808075307,151.2405179128102
1357696439.086,10534000.0,10533900.0,1.429336209574219,179.53324873224358
1357696439.664,10532300.0,10522700.0,1.3361796286427958,90.30880552760716
1357696439.772,10533900.0,10532300.0,1.4198186503916617,172.83050196590565
1357696440.563,10533100.0,10505400.0,0.6262044394604682,126.11278385808762
1357696440.601,10505700.0,10505400.0,0.8142708394631359,97.69636905077931
1357696443.583,10533300.0,10532300.0,1.2800832004209703,115.3665417398586
1357696445.975,10505700.0,10505400.0,1.05864536082675,148.35277092966516
1357696448.224,10535600.0,10533102.0,1.1955124424279318,168.2221848195746
1357696449.031,10533300.0,10514200.0,1.0089326042902957,179.53414786462196
1357696449.832,10535600.0,10534000.0,1.4216173887512775,176.4585677161392
1357696453.708,10541300.0,10541001.0,1.0780004638217906,133.07976115944606
1357696454.053,10533300.0,10532300.0,1.4613695631153671,178.0478380482731
1357696458.173,10535600.0,10532300.0,1.3107864051782023,110.78299397037104
1357696458.375,10541001.0,10523700.0,1.3486623002071352,147.3398961394329
1357696459.248,10541800.0,10541001.0,1.1438050533198394,117.32726061057578
1357696459.473,10540400.0,10533400.0,1.0645985158734723,148.04186642993335
1357696459.808,10541900.0,10532300.0,1.496901132339741,175.53381383479805
1357696473.739,10541900.0,10532300.0,1.1723378352676326,159.04477604028713
1357696476.355,10542600.0,10520100.0,1.4824439281133022,149.22584401788555
1357696476.615,10542600.0,10541200.0,1.468546560378662,174.32156733195413
1357696478.429,10541900.0,10532300.0,1.0858420695478705,122.38155050454283
1357696478.659,10542800.0,10520100.0,1.2424656936913803,179.63177987291226
1357696478.808,10541800.0,10523700.0,1.1136125897276854,171.31932578124812
1357696484.006,10541900.0,10532300.0,1.4733668925288101,93.84809801978312
1357696485.496,10543600.0,10541900.0,1.4975797140720082,132.06008577154554
1357696487.103,10541900.0,10532300.0,1.2832973155118808,173.8853172667415
1357696492.092,10541900.0,10532300.0,1.428924770588012,125.41616417067374
1357696497.379,10545100.0,10541200.0,1.347279109910046,178.56048098767047
1357696498.74,10545500.0,10541200.0,1.1347321269797541,179.36329185011394
1357696499.988,10545700.0,10541200.0,0.7420256060271765,170.2229137444858
1357696506.551,10550501.0,10550500.0,1.1718041645257984,147.43647922359813
1357696511.224,10550501.0,10550500.0,1.4500031034449539,115.52074228262212
1357696515.393,10550501.0,10550500.0,1.2780547719092488,104.61082372241809
1357696524.495,10550501.0,10550500.0,1.1002295215090352,139.6008803047275
1357696535.931,10552000.0,10551600.0,1.4352355207421539,155.38575296902266
1357696542.297,10552001.0,10552000.0,1.4120637379381993,113.45257622522406
1357696571.052,10560700.0,10560200.0,1.376241984536151,168.7182119829132
1357696573.243,10561301.0,10560200.0,0.7976245984170743,153.36218062817966
1357696573.699,10561300.0,10560200.0,1.1279299623646857,146.89274227601896
1357696582.573,10561100.0,10552400.0,1.4759231009778266,133.6955937977465
1357696584.192,10561302.0,10552400.0,0.8746433558885585,101.60535600796551
1357696584.707,10561101.0,10552400.0,0.9930901268263614,106.4443856583019
1357696590.779,10562900.0,10562500.0,1.1963047270658091,173.81992518222322
1357696596.989,10562200.0,10561401.0,1.3993316261701503,171.4188309501685
1357696599.067,10562700.0,10561401.0,1.0659704498718552,176.76677931423393
1357696599.182,10562800.0,10561401.0,1.4888267192658777,177.35140784829156
1357696618.362,10564700.0,10552800.0,0.9030642280591133,157.01501575525666
1357696620.398,10564700.0,10561300.0,1.4065816719977544,172.38999441291523
1357696620.398,10562700.0,10561300.0,1.1683274369798906,173.94276733349926
1357696620.433,10562901.0,10562600.0,0.5671437207622071,90.03773919473079
1357696620.907,10570000.0,10562200.0,1.003526282665282,172.93672834112292
1357696621.121,10562700.0,10561801.0,0.8270870570864944,178.8998262896326
1357696621.517,10564700.0,10562900.0,1.348172837584262,178.78792763224357
1357696621.946,10562900.0,10562700.0,1.445993084354141,163.0897434823517
1357696622.705,10570000.0,10564700.0,1.3573035769495334,147.68791070419536
1357696623.656,10570000.0,10562700.0,1.1269933451445036,175.13253179518227
1357696623.762,10564100.0,10561301.0,1.4277356197839997,146.99818411041687
1357696624.855,10564100.0,10561801.0,1.3953153765367878,136.21424136926825
1357696624.932,10564100.0,10561300.0,1.493420235566668,158.59156642433862
1357696626.133,10564100.0,10561800.0,1.469805429300082,108.20434011760527
1357696630.601,10571000.0,10570100.0,1.481174196372594,102.81418236413253
1357696644.527,10571400.0,10564100.0,1.3295081797416672,164.60454690121244
1357696648.144,10572100.0,10560800.0,0.6794600797692223,170.69398204354846
1357696648.144,10572100.0,10560700.0,1.251837848924529,167.81372320742582
1357696649.067,10570100.0,10561801.0,0.945951901525654,162.11376717412585
1357696649.067,10561801.0,10561800.0,0.5433313905895737,119.09729912707344
1357696649.692,10572500.0,10561301.0,1.2170924369167693,178.11263957490237
1357696650.973,10572100.0,10552800.0,0.8879819817991792,171.1026155430358
1357696651.166,10572100.0,10561101.0,0.9679752062940485,155.09348719772643
1357696651.828,10572100.0,10561300.0,1.4578100013376216,176.92816392502846
1357696651.864,10572100.0,10561302.0,1.4953534699194018,152.2881712412069
1357696652.175,10572500.0,10561800.0,1.4304300052781327,159.4510604128144
1357696652.175,10572500.0,10561801.0,1.0380390166077533,158.8848062238866
1357696652.978,10573001.0,10572100.0,0.7390027063549907,171.5007639148722
1357696653.13,10572500.0,10570200.0,0.5932571112089595,151.9089877723893
1357696653.984,10572100.0,10564400.0,1.3708322289762551,169.79615717857848
1357696654.062,10572100.0,10562901.0,0.9250540524747701,160.37896556202878
1357696657.61,10572100.0,10571400.0,1.2262728081467034,158.02164530552204
1357696657.991,10572500.0,10571400.0,1.1472018131087496,155.137547652172
1357696658.177,10572100.0,10570000.0,1.477770279847313,152.50935055022123
1357696658.954,10572500.0,10570000.0,0.7576258971286544,178.03116497643478
1357696668.589,10572100.0,10570900.0,1.1443535292906657,146.09128891218995
1357696670.369,10572100.0,10570600.0,0.7714693772276378,162.84321734320076
1357696675.583,10572500.0,10570600.0,0.6058060745816254,145.07104056649436
1357696676.741,10575000.0,10572100.0,1.3090229180575876,167.1306605241647
1357696683.164,10575000.0,10572500.0,1.4681103500759047,146.07400318687087
1357696683.396,10574900.0,10572500.0,1.1574614464421684,162.11917057749395
1357696684.314,10575101.0,10572100.0,1.2362329877494775,175.51410408664555
1357696690.531,10580800.0,10575800.0,0.858023892441232,130.7987015854712
1357696691.136,10575101.0,10572500.0,0.9615664303624584,177.68316801176616
1357696691.392,10575300.0,10572500.0,0.8969392398596462,158.988070818663
1357696696.645,10581500.0,10581200.0,0.9129934282348401,143.17294598278497
1357696697.785,10581600.0,10572500.0,1.340722193446502,155.21898255495393
1357696697.785,10581500.0,10581300.0,0.6117556701821402,104.02919666448695
1357696698.125,10581700.0,10572500.0,1.0642635951680393,164.85223655604747
1357696700.728,10581300.0,10581200.0,0.83130980987836,162.07721246679654
1357696703.745,10581300.0,10581200.0,0.5733314922451078,137.47371719452482
1357696707.079,10581300.0,10581200.0,0.6546525796176164,113.33477610254518
1357696707.181,10581701.0,10581200.0,1.4882210857261793,107.27582231491009
1357696711.971,10581300.0,10581200.0,0.657194796084087,92.48852646771722
1357696716.557,10583200.0,10572100.0,1.2120412534233314,178.7285119088885
1357696718.902,10583000.0,10582300.0,1.0454477509660638,151.3437825075866
1357696720.355,10582700.0,10581700.0,1.3806179775738108,166.62770057150504
1357696720.644,10581300.0,10581200.0,0.9366989911385615,134.56047358949647
1357696721.139,10581701.0,10581300.0,0.9120219295609056,97.63122374947294
1357696723.239,10581701.0,10581200.0,0.7575645187045105,127.49212245408556
1357696723.864,10581300.0,10581200.0,1.3333000412510327,90.74024274734069
1357696726.536,10584301.0,10581200.0,1.4434964495972977,130.92549714553365
1357696727.329,10581701.0,10581200.0,0.8661639567656949,176.98398761436803
1357696727.975,10584600.0,10581200.0,1.2991077707411318,102.83956439445683
1357696729.82,10584600.0,10581300.0,1.2366895325828575,129.3222466431986
1357696731.913,10585100.0,10584600.0,1.0354612498785283,173.23493527339465
1357696731.913,10584600.0,10581200.0,1.3363367838984288,145.89327469819278
1357696736.787,10585100.0,10581200.0,1.1757503986816276,93.54240743598702
1357696738.604,10585700.0,10581200.0,0.8998360961864096,165.58121075879245
1357696738.604,10584600.0,10581200.0,0.8371170766386298,120.88253862523591
1357696739.12,10585700.0,10584600.0,1.4926154896690604,113.04342706372117
1357696739.824,10585700.0,10585100.0,0.9098466903825068,91.70487449122294
1357696741.435,10585100.0,10581200.0,1.4098546024324645,106.97379866100279
1357696741.634,10584600.0,10581200.0,0.7480748625639047,166.1665268422042
1357696742.327,10585700.0,10581200.0,1.1766885739225985,119.68417979662594
1357696742.393,10585100.0,10584600.0,1.1011557564668104,117.16862619719791
1357696742.723,10585700.0,10584600.0,0.5665271396852913,164.16995841360568
1357696743.681,10585601.0,10582700.0,1.245083531334344,178.82150295903827
1357696746.495,10585700.0,10585100.0,0.66877275662216,95.98964237064362
1357696750.577,10583200.0,10582700.0,1.4238159993482302,168.5295193808828
1357696751.166,10590900.0,10585700.0,1.1201772181222014,95.08259288517203
1357696754.585,10591200.0,10584000.0,1.4884569190944035,173.4205911991109
1357696757.055,10590900.0,10585700.0,0.6072890580275578,173.15460659051732
1357696757.386,10591500.0,10584000.0,1.055629669912701,171.14404039162378
1357696759.456,10591200.0,10585700.0,1.4733397435757967,148.1102378949863
1357696760.076,10590900.0,10585700.0,1.2813356312847932,171.77452314938571
1357696763.077,10590900.0,10585700.0,0.6314879254585928,93.58665737786492
1357696763.396,10591200.0,10585601.0,0.9912830070166653,171.0185626344901
1357696765.794,10592400.0,10585700.0,1.1732220591175375,101.25865924613184
1357696766.546,10592400.0,10590900.0,1.4668759320406044,131.73434166491987
1357696766.947,10591500.0,10590900.0,1.4301541874916874,111.98129550320147
1357696767.32,10590900.0,10585700.0,0.5933295880031598,164.5309615202238
1357696767.515,10591500.0,10585700.0,1.2304864891578415,94.10822085877254
1357696769.087,10591500.0,10585601.0,1.412000354107602,164.91180656664724
1357696769.673,10592400.0,10590900.0,1.448102551617111,107.57232797389027
1357696770.323,10592400.0,10585600.0,1.4032084663370612,143.4216493615574
1357696770.979,10590900.0,10585700.0,0.5753511970961728,157.34715938909403
1357696776.503,10590900.0,10585700.0,1.4689673243472794,127.84052048921076
1357696779.619,10590900.0,10585700.0,0.9239653673163303,133.67684047775188
1357696781.889,10593800.0,10592500.0,1.45569914474111,162.40964257953144
1357696783.269,10593200.0,10505700.0,0.9829435385616005,111.6014817808093
1357696785.171,10593900.0,10583200.0,1.282137278141462,169.59923158439202
1357696785.691,10590900.0,10585700.0,0.5713160246308511,154.45097232626674
1357696786.423,10593801.0,10582700.0,1.2270798670013294,154.30698803235035
1357696787.165,10594500.0,10590900.0,0.9298650439714334,173.8115775985082
1357696788.293,10593200.0,10505700.0,0.8713495280310889,107.9533449076523
1357696793.603,10593700.0,10592800.0,1.4959177784891793,177.45855095598105
1357696793.674,10594500.0,10590900.0,0.508544000062928,99.60275392242427
1357696793.674,10595000.0,10590900.0,1.1619160899135532,119.83223209088776
1357696796.139,10592500.0,10575600.0,1.425035087287327,128.2325955084188
1357696796.351,10595000.0,10593700.0,1.2194162537870317,140.17177545179587
1357696796.534,10595000.0,10594500.0,1.3353666163267695,125.29590032947576
1357696796.756,10595000.0,10590900.0,1.011589343557943,126.42611687615081
1357696797.09,10594500.0,10590900.0,0.45602192929726304,107.28584907632491
1357696799.778,10595000.0,10594500.0,1.1091803279899985,143.97841005117988
1357696799.778,10595000.0,10590900.0,0.943614327996349,122.45271186269808
1357696800.522,10595900.0,10595000.0,1.0473418735064486,93.66656739019184
1357696800.901,10593200.0,10505700.0,1.3491071121300928,173.1657395718367
1357696801.627,10594500.0,10590900.0,0.4601575817043572,154.93025152189367
1357696801.891,10595900.0,10594500.0,0.5441360124086645,111.89166730394918
1357696802.815,10595000.0,10590900.0,0.7455803108988353,164.56046884667302
1357696804.701,10595900.0,10590900.0,1.1857137091220644,94.25461157542847
1357696805.501,10595900.0,10595000.0,0.5505351941520198,98.98178226406145
1357696806.177,10593200.0,10505700.0,1.226957619479988,165.24257510177628
1357696806.425,10595900.0,10594500.0,0.45404184829154376,117.3560979877647
1357696806.562,10594500.0,10590900.0,0.9766104648220848,125.20227902575138
1357696808.524,10595900.0,10595000.0,0.7900645543245128,127.37516416800553
1357696809.147,10595900.0,10590900.0,0.778763121879819,97.16126616581279
1357696812.017,10595900.0,10595000.0,0.7809231716372667,113.2392243424112
1357696812.017,10595000.0,10594500.0,0.5628800938032958,146.2679890962083
1357696812.647,10595900.0,10594500.0,0.5363552926931914,124.51914144661693
1357696812.647,10594500.0,10590900.0,0.733697485343925,164.86505321056458
1357696813.592,10590900.0,10585600.0,1.0679812732440574,104.42146117112735
1357696816.217,10595900.0,10594500.0,0.5785637389259702,112.55486595181311
1357696816.472,10595900.0,10595000.0,0.7289615902089747,178.23914865606727
1357696817.24,10595000.0,10590900.0,0.9660129398719264,104.6509704637629
1357696817.24,10595000.0,10594500.0,0.47305919291352994,172.10168205040543
1357696817.493,10595900.0,10590900.0,0.8570280042099003,146.77614536470986
1357696817.887,10593200.0,10505700.0,1.1233098414952138,173.67273232465413
1357696819.341,11000500.0,10594500.0,1.1851080119550308,152.31710560986102
1357696819.605,10595900.0,10595000.0,1.1018661443206212,166.57128182877847
1357696819.795,11001900.0,10585600.0,1.0705680735011665,136.52472719844963
1357696821.402,10593200.0,10505700.0,1.143539242877133,102.26897332637985
1357696823.206,10594500.0,10590900.0,0.503758870889635,168.26699011915383
1357696824.667,10595000.0,10594500.0,0.536411222850528,105.63514006845914
1357696824.667,10595900.0,10594500.0,0.8049329164595032,149.99422011684163
1357696824.703,10595900.0,10590900.0,0.6192939528204693,101.70757167861684
1357696826.608,10595900.0,10595000.0,1.1132497473613043,91.36413649045863
1357696827.037,10594500.0,10590900.0,0.6538562533156672,158.05105564050606
1357696827.793,10595900.0,10594500.0,0.5080984156637364,126.55657936610213
1357696827.793,10595000.0,10594500.0,1.3272004370101718,134.82774080083118
1357696829.088,10595900.0,10590900.0,0.4767315806614876,97.45863126148569
1357696830.41,10594500.0,10590900.0,1.4225624766596403,135.09302025997673
1357696830.41,10595000.0,10590900.0,0.45310043036837,96.74157458087946
1357696831.454,10595000.0,10594500.0,0.695437991484508,93.19641582360133
1357696832.397,10595900.0,10594500.0,0.514417145903981,103.04853970243487
1357696833.959,10594500.0,10590900.0,1.2135048413582874,130.82031969444145
1357696840.372,10595900.0,10594500.0,0.4686672593642533,105.7990808937399
1357696840.959,10595900.0,10590900.0,0.6965292527955997,145.60719687108394
1357696841.061,10594500.0,10590900.0,1.1916496968488703,132.56927336407836
1357696844.674,11004000.0,11002000.0,0.48846698967279234,146.82343198290195
1357696845.103,10594500.0,10590900.0,0.7750258060219694,147.24770723019634
1357696845.103,10595900.0,10590900.0,0.46589698432164045,120.2505088814271
1357696847.218,10595900.0,10594500.0,1.3545597070635174,155.29352436410042
1357696847.255,11004600.0,11002000.0,0.6499423051317711,167.74922575978795
1357696848.838,11004600.0,11004000.0,1.1430157479230116,138.03790873539012
1357696850.069,11004000.0,11002000.0,0.6410007800307267,121.57094741608559
1357696850.288,11004600.0,11002000.0,0.5758280993491033,156.4833285214691
1357696850.664,10595900.0,10590900.0,0.866630832592518,129.26399443552762
1357696850.664,10595900.0,10594500.0,1.3658773737052696,111.89088276312987
1357696851.617,10594500.0,10590900.0,0.5999083263299468,94.66431609463268
1357696852.619,10593200.0,10505700.0,0.770481018585144,163.8934313815817
1357696854.487,11004600.0,11004000.0,0.5483146906658617,95.57904321455901
1357696856.929,11004000.0,11002000.0,0.7240089778448869,152.1158431365254
1357696857.6,11004600.0,11004000.0,0.7156123252152657,146.55362615717485
1357696858.165,11005500.0,11005200.0,0.4991192242340503,93.9445092166098
1357696858.423,11004300.0,10595900.0,1.2922356596225006,114.34043162455882
1357696858.423,10595900.0,10590900.0,0.7732948984701742,114.46751366351883
1357696858.423,10595900.0,10594500.0,1.2490036028771074,109.08532002339841
1357696859.126,11004600.0,11002000.0,0.9088525733032838,166.52613275452217
1357696859.895,11004300.0,10594500.0,1.0613802334696099,96.97209310195447
1357696860.701,11005600.0,11005500.0,0.9768280299008619,97.95561485298217
1357696861.869,11005500.0,11005200.0,0.7009279563550038,173.39244137127613
1357696862.1,10593200.0,10505700.0,0.581612413897776,97.32157975689039
1357696862.298,10595900.0,10590900.0,1.1960643795381616,137.9412683554454
1357696862.298,10594500.0,10590900.0,0.570165765370036,129.1157129581478
1357696864.894,11005500.0,11005200.0,0.8154765477927665,92.5412782805549
1357696865.331,10595900.0,10590900.0,1.00914666922108,158.1606051709351
1357696865.368,10595900.0,10594500.0,0.5645033215137009,93.61307073222048
1357696865.594,10594500.0,10590900.0,0.5062815422272482,134.56563020965268
1357696871.558,10595900.0,10594500.0,0.5807185204554792,136.3411515208897
1357696871.819,10594500.0,10590900.0,0.5144803203233308,97.83804391342133
1357696872.074,11011100.0,10505700.0,0.5543879508070148,168.3248191607764
1357696872.074,11005000.0,10505700.0,0.6353621014822972,156.01390419991844
1357696872.881,11011200.0,11005001.0,1.2234921331990674,147.6913308508723
1357696873.918,11011300.0,10595900.0,1.003179943978153,92.7948870007737
1357696873.958,10595900.0,10590900.0,1.4784130004839646,108.69469499877202
1357696874.399,11011301.0,11004600.0,1.3886115367517302,91.89509647920639
1357696874.512,11011300.0,10594500.0,1.414245381820283,136.1982558467841
1357696874.512,11011300.0,11010700.0,1.4057329049289558,175.12932323152955
1357696874.549,11004301.0,11004300.0,1.1328097810312197,159.06282421083375
1357696874.586,11011300.0,10590900.0,0.820756967682883,98.07010942054318
1357696875.127,11005000.0,10505700.0,0.6693466964137493,176.02392193275298
1357696875.425,11005600.0,11004301.0,0.9248226857079155,154.40171555597934
1357696876.096,10594500.0,10590900.0,0.6333158769524089,176.36651099855553
1357696876.396,10593200.0,10505700.0,0.649610652622013,106.13374554187583
1357696876.962,11010700.0,10590900.0,1.1617869856389316,172.1391710903008
1357696877.663,11011300.0,10590900.0,1.0258854711906185,174.82365024782723
1357696877.775,11011600.0,11004301.0,1.4305750591982236,150.70613777738552
1357696877.775,11011600.0,11011301.0,1.1755722011003815,118.14294092781788
1357696878.387,11005000.0,10505700.0,0.5990125207372546,121.91269914078728
1357696878.92,11011300.0,11011001.0,1.130377370615673,131.35091830841833
1357696879.411,11011400.0,11011300.0,0.7349911564093841,151.16385615982168
1357696879.411,11011300.0,11010700.0,1.2191870242091651,103.08158176712007
1357696879.411,11011300.0,10594500.0,1.4735063623887068,147.72146843089618
1357696880.105,11010700.0,10590900.0,0.8363115448204693,96.0973584361282
1357696881.38,11005000.0,10593200.0,1.3324931519523833,155.28470081405544
1357696881.416,11005000.0,10505700.0,0.7180006963784916,154.42553300016291
1357696881.452,11012100.0,11011300.0,1.1650819713651044,90.8554645599415
1357696881.985,11012100.0,11010700.0,0.7202249648547309,118.31477097057761
1357696882.023,11012100.0,10590900.0,1.3250547158513881,92.23537611373456
1357696882.023,11010500.0,11005600.0,1.3881534497309718,173.68569877091792
1357696882.47,11005800.0,11005600.0,0.9177450626399467,127.93139159551852
1357696883.242,11012000.0,11011200.0,1.445660056859839,133.08497507538175
1357696884.104,11004301.0,10594500.0,1.1249288866412837,179.80271078329363
1357696884.391,10593200.0,10505700.0,0.864268476805672,93.82779771374167
1357696885.273,11005000.0,10593200.0,1.137264261286707,95.9838554969128
1357696886.246,11011300.0,11010700.0,1.389665427360125,122.56730342172423
1357696888.269,11010700.0,10590900.0,1.1646020779648294,109.18667625735706
1357696889.002,11012100.0,11011300.0,0.7121664131367105,91.3769310493839
1357696889.04,11010500.0,10594500.0,1.2844644798514286,162.7415570302507
1357696889.878,11012100.0,11010700.0,1.2835610620457403,170.60631950089348
1357696889.878,11011300.0,11010700.0,1.366249245196497,155.00599654240995
1357696890.1,11012000.0,11011200.0,0.9917066098398264,145.35910614579228
1357696892.541,11005000.0,10593200.0,1.1612514800851708,134.35180236050982
1357696893.683,11011300.0,11010700.0,1.2467076642100192,96.75360669457721
1357696893.683,11012100.0,11010700.0,0.9447761639668967,166.10126694933885
1357696894.797,10593200.0,10505700.0,1.0016910701408897,146.32643079131165
1357696895.935,11005000.0,10505700.0,1.4378052719335812,175.75148050116826
1357696898.986,10593200.0,10505700.0,0.7892844861011791,154.94423169209486
1357696899.242,11012100.0,11011300.0,0.6552984053086052,118.36740819185627
1357696899.315,11012000.0,11011200.0,0.7456460286221612,90.50036291861322
1357696899.355,11011300.0,11010700.0,0.6494897997659393,92.2894060338154
1357696899.46,11005000.0,10593200.0,0.5493286812100743,164.12616683796386
1357696899.854,11005000.0,10505700.0,1.1826060206171778,147.76478404020807
1357696900.496,11012100.0,11010700.0,0.5115329901384664,100.25468290181794
1357696902.534,11012100.0,11011300.0,0.9542536350467813,170.99027611950447
1357696902.723,11014200.0,11010700.0,1.126143862923385,174.82090005041064
1357696902.723,11014200.0,11012100.0,0.6231805516862677,115.4108313774222
1357696902.797,11014200.0,11011300.0,1.111238048304683,93.19616904038944
1357696903.441,11005000.0,10505700.0,1.3419422491299704,133.6431108637125
1357696904.347,11014200.0,10590900.0,1.400023571230145,94.56359011424867
1357696904.878,11012100.0,11010700.0,0.9368308278446001,91.00557950226575
1357696906.078,11012000.0,11011200.0,1.080994449569467,155.2197274000876
1357696906.156,11014200.0,11010700.0,0.5883918762185603,155.82532618944703
1357696906.805,11014500.0,11012000.0,0.8810204310911228,107.62089719482354
1357696907.033,11014200.0,11011300.0,0.5777412915830066,175.26941141243904
1357696907.339,11010500.0,11004600.0,0.65486792561554,150.7920638465613
1357696909.16,11010700.0,10590900.0,1.4696292049357205,144.49962975741036
1357696909.722,11012100.0,11011300.0,1.4037962815166576,157.6398438309407
1357696910.708,11014200.0,11011300.0,1.1627385776691153,107.18982134986095
1357696910.748,11014500.0,11011200.0,1.1298818522305796,167.2860466782042
1357696910.748,11012000.0,11011200.0,0.5554457669295884,113.58258034893927
1357696911.375,11011300.0,11010700.0,0.5567566793492532,95.77677094965867
1357696912.349,11014500.0,11012000.0,0.70570532093785,114.01080900502004
1357696913.605,11014200.0,11010700.0,0.67808332821269,120.99392162060933
1357696913.866,11014200.0,11011300.0,0.6352464088839865,146.915563596359
1357696914.015,11014101.0,11010500.0,1.277460762606822,166.4769553756061
1357696914.809,11011300.0,11010500.0,1.4331929388606446,163.3607525194486
1357696915.45,11010700.0,11010500.0,1.4838140045167372,131.215986747665
1357696915.833,11012000.0,11011200.0,0.4838109134775677,129.2201455641063
1357696915.912,11014500.0,11012000.0,1.2172941304384923,91.96155958344156
1357696916.767,11005000.0,10505700.0,0.610999181668845,130.27507545650116
1357696917.994,11014500.0,11011200.0,1.1928931217841792,90.19077622181022
1357696918.102,11014201.0,11004600.0,1.285520128197145,106.40954982435795
1357696919.129,11014200.0,10590900.0,0.9127299710210036,94.30667583891201
1357696919.166,11014200.0,11011300.0,1.4362468450792165,91.03623274430528
